bar_timestamp,direction,event_type,generated_at,hypothetical_entry_price,hypothetical_stop_price,hypothetical_target_price,real_money_actions,review_status,schema_version,stage,strategy_id,strategy_title,symbol,timeframe
,,未触发,2026-05-21T23:58:16Z,,,,false,当前K线未触发,m12.12.observation-event.v1,M12.12.daily_observation_loop,M10-PA-001,趋势回调二次入场,SPY,1d
,,未触发,2026-05-21T23:58:16Z,,,,false,当前K线未触发,m12.12.observation-event.v1,M12.12.daily_observation_loop,M10-PA-001,趋势回调二次入场,SPY,1h
,,未触发,2026-05-21T23:58:16Z,,,,false,当前K线未触发,m12.12.observation-event.v1,M12.12.daily_observation_loop,M10-PA-001,趋势回调二次入场,SPY,15m
,,未触发,2026-05-21T23:58:16Z,,,,false,当前K线未触发,m12.12.observation-event.v1,M12.12.daily_observation_loop,M10-PA-001,趋势回调二次入场,SPY,5m
,,未触发,2026-05-21T23:58:16Z,,,,false,当前K线未触发,m12.12.observation-event.v1,M12.12.daily_observation_loop,M10-PA-002,突破后续跟进,SPY,1d
,,未触发,2026-05-21T23:58:16Z,,,,false,当前K线未触发,m12.12.observation-event.v1,M12.12.daily_observation_loop,M10-PA-002,突破后续跟进,SPY,1h
,,未触发,2026-05-21T23:58:16Z,,,,false,当前K线未触发,m12.12.observation-event.v1,M12.12.daily_observation_loop,M10-PA-002,突破后续跟进,SPY,15m
,,未触发,2026-05-21T23:58:16Z,,,,false,当前K线未触发,m12.12.observation-event.v1,M12.12.daily_observation_loop,M10-PA-002,突破后续跟进,SPY,5m
2026-05-21T13:10:00,long,今日候选,2026-05-21T23:58:16Z,740.4500,737.4150,743.1750,false,needs_read_only_bar_close_review,m12.12.observation-event.v1,M12.12.daily_observation_loop,M10-PA-012,开盘区间突破,SPY,15m
2026-05-21T10:05:00,long,今日候选,2026-05-21T23:58:16Z,740.3900,737.4150,743.1150,false,needs_read_only_bar_close_review,m12.12.observation-event.v1,M12.12.daily_observation_loop,M10-PA-012,开盘区间突破,SPY,5m
,,未触发,2026-05-21T23:58:16Z,,,,false,当前日线未触发,m12.12.observation-event.v1,M12.12.daily_observation_loop,M12-FTD-001,方方土日线趋势顺势信号K,SPY,1d
,,未触发,2026-05-21T23:58:16Z,,,,false,当前K线未触发,m12.12.observation-event.v1,M12.12.daily_observation_loop,M10-PA-001,趋势回调二次入场,QQQ,1d
,,未触发,2026-05-21T23:58:16Z,,,,false,当前K线未触发,m12.12.observation-event.v1,M12.12.daily_observation_loop,M10-PA-001,趋势回调二次入场,QQQ,1h
,,未触发,2026-05-21T23:58:16Z,,,,false,当前K线未触发,m12.12.observation-event.v1,M12.12.daily_observation_loop,M10-PA-001,趋势回调二次入场,QQQ,15m
,,未触发,2026-05-21T23:58:16Z,,,,false,当前K线未触发,m12.12.observation-event.v1,M12.12.daily_observation_loop,M10-PA-001,趋势回调二次入场,QQQ,5m
,,未触发,2026-05-21T23:58:16Z,,,,false,当前K线未触发,m12.12.observation-event.v1,M12.12.daily_observation_loop,M10-PA-002,突破后续跟进,QQQ,1d
,,未触发,2026-05-21T23:58:16Z,,,,false,当前K线未触发,m12.12.observation-event.v1,M12.12.daily_observation_loop,M10-PA-002,突破后续跟进,QQQ,1h
,,未触发,2026-05-21T23:58:16Z,,,,false,当前K线未触发,m12.12.observation-event.v1,M12.12.daily_observation_loop,M10-PA-002,突破后续跟进,QQQ,15m
,,未触发,2026-05-21T23:58:16Z,,,,false,当前K线未触发,m12.12.observation-event.v1,M12.12.daily_observation_loop,M10-PA-002,突破后续跟进,QQQ,5m
2026-05-21T13:10:00,long,今日候选,2026-05-21T23:58:16Z,712.0400,707.9400,715.4500,false,needs_read_only_bar_close_review,m12.12.observation-event.v1,M12.12.daily_observation_loop,M10-PA-012,开盘区间突破,QQQ,15m
2026-05-21T10:05:00,long,今日候选,2026-05-21T23:58:16Z,711.4650,707.9400,714.8750,false,needs_read_only_bar_close_review,m12.12.observation-event.v1,M12.12.daily_observation_loop,M10-PA-012,开盘区间突破,QQQ,5m
,,未触发,2026-05-21T23:58:16Z,,,,false,当前日线未触发,m12.12.observation-event.v1,M12.12.daily_observation_loop,M12-FTD-001,方方土日线趋势顺势信号K,QQQ,1d
,,未触发,2026-05-21T23:58:16Z,,,,false,当前K线未触发,m12.12.observation-event.v1,M12.12.daily_observation_loop,M10-PA-001,趋势回调二次入场,IWM,1d
,,未触发,2026-05-21T23:58:16Z,,,,false,当前K线未触发,m12.12.observation-event.v1,M12.12.daily_observation_loop,M10-PA-001,趋势回调二次入场,IWM,1h
,,未触发,2026-05-21T23:58:16Z,,,,false,当前K线未触发,m12.12.observation-event.v1,M12.12.daily_observation_loop,M10-PA-001,趋势回调二次入场,IWM,15m
,,未触发,2026-05-21T23:58:16Z,,,,false,当前K线未触发,m12.12.observation-event.v1,M12.12.daily_observation_loop,M10-PA-001,趋势回调二次入场,IWM,5m
,,未触发,2026-05-21T23:58:16Z,,,,false,当前K线未触发,m12.12.observation-event.v1,M12.12.daily_observation_loop,M10-PA-002,突破后续跟进,IWM,1d
,,未触发,2026-05-21T23:58:16Z,,,,false,当前K线未触发,m12.12.observation-event.v1,M12.12.daily_observation_loop,M10-PA-002,突破后续跟进,IWM,1h
,,未触发,2026-05-21T23:58:16Z,,,,false,当前K线未触发,m12.12.observation-event.v1,M12.12.daily_observation_loop,M10-PA-002,突破后续跟进,IWM,15m
,,未触发,2026-05-21T23:58:16Z,,,,false,当前K线未触发,m12.12.observation-event.v1,M12.12.daily_observation_loop,M10-PA-002,突破后续跟进,IWM,5m
2026-05-21T10:10:00,long,今日候选,2026-05-21T23:58:16Z,280.8400,277.1500,284.2700,false,needs_read_only_bar_close_review,m12.12.observation-event.v1,M12.12.daily_observation_loop,M10-PA-012,开盘区间突破,IWM,15m
2026-05-21T10:00:00,long,今日候选,2026-05-21T23:58:16Z,280.6100,277.1500,284.0400,false,needs_read_only_bar_close_review,m12.12.observation-event.v1,M12.12.daily_observation_loop,M10-PA-012,开盘区间突破,IWM,5m
,,未触发,2026-05-21T23:58:16Z,,,,false,当前日线未触发,m12.12.observation-event.v1,M12.12.daily_observation_loop,M12-FTD-001,方方土日线趋势顺势信号K,IWM,1d
,,未触发,2026-05-21T23:58:16Z,,,,false,当前K线未触发,m12.12.observation-event.v1,M12.12.daily_observation_loop,M10-PA-001,趋势回调二次入场,DIA,1d
,,未触发,2026-05-21T23:58:16Z,,,,false,当前K线未触发,m12.12.observation-event.v1,M12.12.daily_observation_loop,M10-PA-001,趋势回调二次入场,DIA,1h
,,未触发,2026-05-21T23:58:16Z,,,,false,当前K线未触发,m12.12.observation-event.v1,M12.12.daily_observation_loop,M10-PA-001,趋势回调二次入场,DIA,15m
,,未触发,2026-05-21T23:58:16Z,,,,false,当前K线未触发,m12.12.observation-event.v1,M12.12.daily_observation_loop,M10-PA-001,趋势回调二次入场,DIA,5m
,,未触发,2026-05-21T23:58:16Z,,,,false,当前K线未触发,m12.12.observation-event.v1,M12.12.daily_observation_loop,M10-PA-002,突破后续跟进,DIA,1d
,,未触发,2026-05-21T23:58:16Z,,,,false,当前K线未触发,m12.12.observation-event.v1,M12.12.daily_observation_loop,M10-PA-002,突破后续跟进,DIA,1h
,,未触发,2026-05-21T23:58:16Z,,,,false,当前K线未触发,m12.12.observation-event.v1,M12.12.daily_observation_loop,M10-PA-002,突破后续跟进,DIA,15m
,,未触发,2026-05-21T23:58:16Z,,,,false,当前K线未触发,m12.12.observation-event.v1,M12.12.daily_observation_loop,M10-PA-002,突破后续跟进,DIA,5m
2026-05-21T10:25:00,long,今日候选,2026-05-21T23:58:16Z,500.5600,497.2100,503.6400,false,needs_read_only_bar_close_review,m12.12.observation-event.v1,M12.12.daily_observation_loop,M10-PA-012,开盘区间突破,DIA,15m
2026-05-21T10:00:00,long,今日候选,2026-05-21T23:58:16Z,500.3950,497.2100,503.4750,false,needs_read_only_bar_close_review,m12.12.observation-event.v1,M12.12.daily_observation_loop,M10-PA-012,开盘区间突破,DIA,5m
,,未触发,2026-05-21T23:58:16Z,,,,false,当前日线未触发,m12.12.observation-event.v1,M12.12.daily_observation_loop,M12-FTD-001,方方土日线趋势顺势信号K,DIA,1d
,,未触发,2026-05-21T23:58:16Z,,,,false,当前K线未触发,m12.12.observation-event.v1,M12.12.daily_observation_loop,M10-PA-001,趋势回调二次入场,VTI,1d
,,未触发,2026-05-21T23:58:16Z,,,,false,当前K线未触发,m12.12.observation-event.v1,M12.12.daily_observation_loop,M10-PA-001,趋势回调二次入场,VTI,1h
,,未触发,2026-05-21T23:58:16Z,,,,false,当前K线未触发,m12.12.observation-event.v1,M12.12.daily_observation_loop,M10-PA-001,趋势回调二次入场,VTI,15m
,,未触发,2026-05-21T23:58:16Z,,,,false,当前K线未触发,m12.12.observation-event.v1,M12.12.daily_observation_loop,M10-PA-001,趋势回调二次入场,VTI,5m
,,未触发,2026-05-21T23:58:16Z,,,,false,当前K线未触发,m12.12.observation-event.v1,M12.12.daily_observation_loop,M10-PA-002,突破后续跟进,VTI,1d
,,未触发,2026-05-21T23:58:16Z,,,,false,当前K线未触发,m12.12.observation-event.v1,M12.12.daily_observation_loop,M10-PA-002,突破后续跟进,VTI,1h
,,未触发,2026-05-21T23:58:16Z,,,,false,当前K线未触发,m12.12.observation-event.v1,M12.12.daily_observation_loop,M10-PA-002,突破后续跟进,VTI,15m
,,未触发,2026-05-21T23:58:16Z,,,,false,当前K线未触发,m12.12.observation-event.v1,M12.12.daily_observation_loop,M10-PA-002,突破后续跟进,VTI,5m
2026-05-21T13:10:00,long,今日候选,2026-05-21T23:58:16Z,363.8200,362.1300,365.3300,false,needs_read_only_bar_close_review,m12.12.observation-event.v1,M12.12.daily_observation_loop,M10-PA-012,开盘区间突破,VTI,15m
2026-05-21T10:05:00,long,今日候选,2026-05-21T23:58:16Z,363.7800,362.1300,365.2900,false,needs_read_only_bar_close_review,m12.12.observation-event.v1,M12.12.daily_observation_loop,M10-PA-012,开盘区间突破,VTI,5m
,,未触发,2026-05-21T23:58:16Z,,,,false,当前日线未触发,m12.12.observation-event.v1,M12.12.daily_observation_loop,M12-FTD-001,方方土日线趋势顺势信号K,VTI,1d
,,未触发,2026-05-21T23:58:16Z,,,,false,当前K线未触发,m12.12.observation-event.v1,M12.12.daily_observation_loop,M10-PA-001,趋势回调二次入场,VOO,1d
,,未触发,2026-05-21T23:58:16Z,,,,false,当前K线未触发,m12.12.observation-event.v1,M12.12.daily_observation_loop,M10-PA-001,趋势回调二次入场,VOO,1h
,,未触发,2026-05-21T23:58:16Z,,,,false,当前K线未触发,m12.12.observation-event.v1,M12.12.daily_observation_loop,M10-PA-001,趋势回调二次入场,VOO,15m
,,未触发,2026-05-21T23:58:16Z,,,,false,当前K线未触发,m12.12.observation-event.v1,M12.12.daily_observation_loop,M10-PA-001,趋势回调二次入场,VOO,5m
,,未触发,2026-05-21T23:58:16Z,,,,false,当前K线未触发,m12.12.observation-event.v1,M12.12.daily_observation_loop,M10-PA-002,突破后续跟进,VOO,1d
,,未触发,2026-05-21T23:58:16Z,,,,false,当前K线未触发,m12.12.observation-event.v1,M12.12.daily_observation_loop,M10-PA-002,突破后续跟进,VOO,1h
,,未触发,2026-05-21T23:58:16Z,,,,false,当前K线未触发,m12.12.observation-event.v1,M12.12.daily_observation_loop,M10-PA-002,突破后续跟进,VOO,15m
,,未触发,2026-05-21T23:58:16Z,,,,false,当前K线未触发,m12.12.observation-event.v1,M12.12.daily_observation_loop,M10-PA-002,突破后续跟进,VOO,5m
2026-05-21T13:10:00,long,今日候选,2026-05-21T23:58:16Z,680.7500,677.9900,683.2530,false,needs_read_only_bar_close_review,m12.12.observation-event.v1,M12.12.daily_observation_loop,M10-PA-012,开盘区间突破,VOO,15m
2026-05-21T10:05:00,long,今日候选,2026-05-21T23:58:16Z,680.7200,677.9900,683.2230,false,needs_read_only_bar_close_review,m12.12.observation-event.v1,M12.12.daily_observation_loop,M10-PA-012,开盘区间突破,VOO,5m
,,未触发,2026-05-21T23:58:16Z,,,,false,当前日线未触发,m12.12.observation-event.v1,M12.12.daily_observation_loop,M12-FTD-001,方方土日线趋势顺势信号K,VOO,1d
,,未触发,2026-05-21T23:58:16Z,,,,false,当前K线未触发,m12.12.observation-event.v1,M12.12.daily_observation_loop,M10-PA-001,趋势回调二次入场,IVV,1d
,,未触发,2026-05-21T23:58:16Z,,,,false,当前K线未触发,m12.12.observation-event.v1,M12.12.daily_observation_loop,M10-PA-001,趋势回调二次入场,IVV,1h
,,未触发,2026-05-21T23:58:16Z,,,,false,当前K线未触发,m12.12.observation-event.v1,M12.12.daily_observation_loop,M10-PA-001,趋势回调二次入场,IVV,15m
,,未触发,2026-05-21T23:58:16Z,,,,false,当前K线未触发,m12.12.observation-event.v1,M12.12.daily_observation_loop,M10-PA-001,趋势回调二次入场,IVV,5m
,,未触发,2026-05-21T23:58:16Z,,,,false,当前K线未触发,m12.12.observation-event.v1,M12.12.daily_observation_loop,M10-PA-002,突破后续跟进,IVV,1d
,,未触发,2026-05-21T23:58:16Z,,,,false,当前K线未触发,m12.12.observation-event.v1,M12.12.daily_observation_loop,M10-PA-002,突破后续跟进,IVV,1h
,,未触发,2026-05-21T23:58:16Z,,,,false,当前K线未触发,m12.12.observation-event.v1,M12.12.daily_observation_loop,M10-PA-002,突破后续跟进,IVV,15m
,,未触发,2026-05-21T23:58:16Z,,,,false,当前K线未触发,m12.12.observation-event.v1,M12.12.daily_observation_loop,M10-PA-002,突破后续跟进,IVV,5m
2026-05-21T13:10:00,long,今日候选,2026-05-21T23:58:16Z,743.9200,740.8800,746.7300,false,needs_read_only_bar_close_review,m12.12.observation-event.v1,M12.12.daily_observation_loop,M10-PA-012,开盘区间突破,IVV,15m
2026-05-21T10:05:00,long,今日候选,2026-05-21T23:58:16Z,743.8300,740.8800,746.6400,false,needs_read_only_bar_close_review,m12.12.observation-event.v1,M12.12.daily_observation_loop,M10-PA-012,开盘区间突破,IVV,5m
,,未触发,2026-05-21T23:58:16Z,,,,false,当前日线未触发,m12.12.observation-event.v1,M12.12.daily_observation_loop,M12-FTD-001,方方土日线趋势顺势信号K,IVV,1d
,,未触发,2026-05-21T23:58:16Z,,,,false,当前K线未触发,m12.12.observation-event.v1,M12.12.daily_observation_loop,M10-PA-001,趋势回调二次入场,XLK,1d
,,未触发,2026-05-21T23:58:16Z,,,,false,当前K线未触发,m12.12.observation-event.v1,M12.12.daily_observation_loop,M10-PA-001,趋势回调二次入场,XLK,1h
,,未触发,2026-05-21T23:58:16Z,,,,false,当前K线未触发,m12.12.observation-event.v1,M12.12.daily_observation_loop,M10-PA-001,趋势回调二次入场,XLK,15m
,,未触发,2026-05-21T23:58:16Z,,,,false,当前K线未触发,m12.12.observation-event.v1,M12.12.daily_observation_loop,M10-PA-001,趋势回调二次入场,XLK,5m
,,未触发,2026-05-21T23:58:16Z,,,,false,当前K线未触发,m12.12.observation-event.v1,M12.12.daily_observation_loop,M10-PA-002,突破后续跟进,XLK,1d
,,未触发,2026-05-21T23:58:16Z,,,,false,当前K线未触发,m12.12.observation-event.v1,M12.12.daily_observation_loop,M10-PA-002,突破后续跟进,XLK,1h
,,未触发,2026-05-21T23:58:16Z,,,,false,当前K线未触发,m12.12.observation-event.v1,M12.12.daily_observation_loop,M10-PA-002,突破后续跟进,XLK,15m
,,未触发,2026-05-21T23:58:16Z,,,,false,当前K线未触发,m12.12.observation-event.v1,M12.12.daily_observation_loop,M10-PA-002,突破后续跟进,XLK,5m
2026-05-21T13:25:00,long,今日候选,2026-05-21T23:58:16Z,177.9100,175.8300,179.8500,false,needs_read_only_bar_close_review,m12.12.observation-event.v1,M12.12.daily_observation_loop,M10-PA-012,开盘区间突破,XLK,15m
2026-05-21T10:00:00,long,今日候选,2026-05-21T23:58:16Z,178.0200,175.8300,179.9600,false,needs_read_only_bar_close_review,m12.12.observation-event.v1,M12.12.daily_observation_loop,M10-PA-012,开盘区间突破,XLK,5m
,,未触发,2026-05-21T23:58:16Z,,,,false,当前日线未触发,m12.12.observation-event.v1,M12.12.daily_observation_loop,M12-FTD-001,方方土日线趋势顺势信号K,XLK,1d
,,未触发,2026-05-21T23:58:16Z,,,,false,当前K线未触发,m12.12.observation-event.v1,M12.12.daily_observation_loop,M10-PA-001,趋势回调二次入场,XLF,1d
,,未触发,2026-05-21T23:58:16Z,,,,false,当前K线未触发,m12.12.observation-event.v1,M12.12.daily_observation_loop,M10-PA-001,趋势回调二次入场,XLF,1h
,,未触发,2026-05-21T23:58:16Z,,,,false,当前K线未触发,m12.12.observation-event.v1,M12.12.daily_observation_loop,M10-PA-001,趋势回调二次入场,XLF,15m
2026-05-21T15:55:00,long,今日候选,2026-05-21T23:58:16Z,51.7550,51.6540,51.9570,false,needs_read_only_bar_close_review,m12.12.observation-event.v1,M12.12.daily_observation_loop,M10-PA-001,趋势回调二次入场,XLF,5m
,,未触发,2026-05-21T23:58:16Z,,,,false,当前K线未触发,m12.12.observation-event.v1,M12.12.daily_observation_loop,M10-PA-002,突破后续跟进,XLF,1d
,,未触发,2026-05-21T23:58:16Z,,,,false,当前K线未触发,m12.12.observation-event.v1,M12.12.daily_observation_loop,M10-PA-002,突破后续跟进,XLF,1h
,,未触发,2026-05-21T23:58:16Z,,,,false,当前K线未触发,m12.12.observation-event.v1,M12.12.daily_observation_loop,M10-PA-002,突破后续跟进,XLF,15m
,,未触发,2026-05-21T23:58:16Z,,,,false,当前K线未触发,m12.12.observation-event.v1,M12.12.daily_observation_loop,M10-PA-002,突破后续跟进,XLF,5m
2026-05-21T10:10:00,long,今日候选,2026-05-21T23:58:16Z,51.6600,51.2100,52.0800,false,needs_read_only_bar_close_review,m12.12.observation-event.v1,M12.12.daily_observation_loop,M10-PA-012,开盘区间突破,XLF,15m
2026-05-21T10:00:00,long,今日候选,2026-05-21T23:58:16Z,51.6350,51.2100,52.0550,false,needs_read_only_bar_close_review,m12.12.observation-event.v1,M12.12.daily_observation_loop,M10-PA-012,开盘区间突破,XLF,5m
,,未触发,2026-05-21T23:58:16Z,,,,false,当前日线未触发,m12.12.observation-event.v1,M12.12.daily_observation_loop,M12-FTD-001,方方土日线趋势顺势信号K,XLF,1d
,,未触发,2026-05-21T23:58:16Z,,,,false,当前K线未触发,m12.12.observation-event.v1,M12.12.daily_observation_loop,M10-PA-001,趋势回调二次入场,XLE,1d
,,未触发,2026-05-21T23:58:16Z,,,,false,当前K线未触发,m12.12.observation-event.v1,M12.12.daily_observation_loop,M10-PA-001,趋势回调二次入场,XLE,1h
,,未触发,2026-05-21T23:58:16Z,,,,false,当前K线未触发,m12.12.observation-event.v1,M12.12.daily_observation_loop,M10-PA-001,趋势回调二次入场,XLE,15m
,,未触发,2026-05-21T23:58:16Z,,,,false,当前K线未触发,m12.12.observation-event.v1,M12.12.daily_observation_loop,M10-PA-001,趋势回调二次入场,XLE,5m
,,未触发,2026-05-21T23:58:16Z,,,,false,当前K线未触发,m12.12.observation-event.v1,M12.12.daily_observation_loop,M10-PA-002,突破后续跟进,XLE,1d
,,未触发,2026-05-21T23:58:16Z,,,,false,当前K线未触发,m12.12.observation-event.v1,M12.12.daily_observation_loop,M10-PA-002,突破后续跟进,XLE,1h
,,未触发,2026-05-21T23:58:16Z,,,,false,当前K线未触发,m12.12.observation-event.v1,M12.12.daily_observation_loop,M10-PA-002,突破后续跟进,XLE,15m
,,未触发,2026-05-21T23:58:16Z,,,,false,当前K线未触发,m12.12.observation-event.v1,M12.12.daily_observation_loop,M10-PA-002,突破后续跟进,XLE,5m
2026-05-21T10:40:00,short,今日候选,2026-05-21T23:58:16Z,59.7100,60.5800,58.9050,false,needs_read_only_bar_close_review,m12.12.observation-event.v1,M12.12.daily_observation_loop,M10-PA-012,开盘区间突破,XLE,15m
2026-05-21T10:35:00,short,今日候选,2026-05-21T23:58:16Z,59.6750,60.5800,58.8700,false,needs_read_only_bar_close_review,m12.12.observation-event.v1,M12.12.daily_observation_loop,M10-PA-012,开盘区间突破,XLE,5m
,,未触发,2026-05-21T23:58:16Z,,,,false,当前日线未触发,m12.12.observation-event.v1,M12.12.daily_observation_loop,M12-FTD-001,方方土日线趋势顺势信号K,XLE,1d
2026-05-21T16:00:00-04:00,short,今日候选,2026-05-21T23:58:16Z,146.2200,148.0700,142.5200,false,needs_read_only_bar_close_review,m12.12.observation-event.v1,M12.12.daily_observation_loop,M10-PA-001,趋势回调二次入场,XLV,1d
,,未触发,2026-05-21T23:58:16Z,,,,false,当前K线未触发,m12.12.observation-event.v1,M12.12.daily_observation_loop,M10-PA-001,趋势回调二次入场,XLV,1h
,,未触发,2026-05-21T23:58:16Z,,,,false,当前K线未触发,m12.12.observation-event.v1,M12.12.daily_observation_loop,M10-PA-001,趋势回调二次入场,XLV,15m
,,未触发,2026-05-21T23:58:16Z,,,,false,当前K线未触发,m12.12.observation-event.v1,M12.12.daily_observation_loop,M10-PA-001,趋势回调二次入场,XLV,5m
,,未触发,2026-05-21T23:58:16Z,,,,false,当前K线未触发,m12.12.observation-event.v1,M12.12.daily_observation_loop,M10-PA-002,突破后续跟进,XLV,1d
,,未触发,2026-05-21T23:58:16Z,,,,false,当前K线未触发,m12.12.observation-event.v1,M12.12.daily_observation_loop,M10-PA-002,突破后续跟进,XLV,1h
,,未触发,2026-05-21T23:58:16Z,,,,false,当前K线未触发,m12.12.observation-event.v1,M12.12.daily_observation_loop,M10-PA-002,突破后续跟进,XLV,15m
,,未触发,2026-05-21T23:58:16Z,,,,false,当前K线未触发,m12.12.observation-event.v1,M12.12.daily_observation_loop,M10-PA-002,突破后续跟进,XLV,5m
2026-05-21T10:55:00,long,今日候选,2026-05-21T23:58:16Z,147.4450,145.8700,148.9850,false,needs_read_only_bar_close_review,m12.12.observation-event.v1,M12.12.daily_observation_loop,M10-PA-012,开盘区间突破,XLV,15m
2026-05-21T10:55:00,long,今日候选,2026-05-21T23:58:16Z,147.4450,145.8700,148.9850,false,needs_read_only_bar_close_review,m12.12.observation-event.v1,M12.12.daily_observation_loop,M10-PA-012,开盘区间突破,XLV,5m
2026-05-21T16:00:00-04:00,short,今日候选,2026-05-21T23:58:16Z,146.22,146.90,144.86,false,needs_read_only_bar_close_review,m12.12.observation-event.v1,M12.12.daily_observation_loop,M12-FTD-001,方方土日线趋势顺势信号K,XLV,1d
,,未触发,2026-05-21T23:58:16Z,,,,false,当前K线未触发,m12.12.observation-event.v1,M12.12.daily_observation_loop,M10-PA-001,趋势回调二次入场,XLY,1d
,,未触发,2026-05-21T23:58:16Z,,,,false,当前K线未触发,m12.12.observation-event.v1,M12.12.daily_observation_loop,M10-PA-001,趋势回调二次入场,XLY,1h
,,未触发,2026-05-21T23:58:16Z,,,,false,当前K线未触发,m12.12.observation-event.v1,M12.12.daily_observation_loop,M10-PA-001,趋势回调二次入场,XLY,15m
,,未触发,2026-05-21T23:58:16Z,,,,false,当前K线未触发,m12.12.observation-event.v1,M12.12.daily_observation_loop,M10-PA-001,趋势回调二次入场,XLY,5m
,,未触发,2026-05-21T23:58:16Z,,,,false,当前K线未触发,m12.12.observation-event.v1,M12.12.daily_observation_loop,M10-PA-002,突破后续跟进,XLY,1d
,,未触发,2026-05-21T23:58:16Z,,,,false,当前K线未触发,m12.12.observation-event.v1,M12.12.daily_observation_loop,M10-PA-002,突破后续跟进,XLY,1h
,,未触发,2026-05-21T23:58:16Z,,,,false,当前K线未触发,m12.12.observation-event.v1,M12.12.daily_observation_loop,M10-PA-002,突破后续跟进,XLY,15m
,,未触发,2026-05-21T23:58:16Z,,,,false,当前K线未触发,m12.12.observation-event.v1,M12.12.daily_observation_loop,M10-PA-002,突破后续跟进,XLY,5m
2026-05-21T13:10:00,long,今日候选,2026-05-21T23:58:16Z,117.9200,116.8200,118.8300,false,needs_read_only_bar_close_review,m12.12.observation-event.v1,M12.12.daily_observation_loop,M10-PA-012,开盘区间突破,XLY,15m
2026-05-21T13:00:00,long,今日候选,2026-05-21T23:58:16Z,117.7750,116.8200,118.6850,false,needs_read_only_bar_close_review,m12.12.observation-event.v1,M12.12.daily_observation_loop,M10-PA-012,开盘区间突破,XLY,5m
,,未触发,2026-05-21T23:58:16Z,,,,false,当前日线未触发,m12.12.observation-event.v1,M12.12.daily_observation_loop,M12-FTD-001,方方土日线趋势顺势信号K,XLY,1d
,,未触发,2026-05-21T23:58:16Z,,,,false,当前K线未触发,m12.12.observation-event.v1,M12.12.daily_observation_loop,M10-PA-001,趋势回调二次入场,XLI,1d
,,未触发,2026-05-21T23:58:16Z,,,,false,当前K线未触发,m12.12.observation-event.v1,M12.12.daily_observation_loop,M10-PA-001,趋势回调二次入场,XLI,1h
,,未触发,2026-05-21T23:58:16Z,,,,false,当前K线未触发,m12.12.observation-event.v1,M12.12.daily_observation_loop,M10-PA-001,趋势回调二次入场,XLI,15m
,,未触发,2026-05-21T23:58:16Z,,,,false,当前K线未触发,m12.12.observation-event.v1,M12.12.daily_observation_loop,M10-PA-001,趋势回调二次入场,XLI,5m
,,未触发,2026-05-21T23:58:16Z,,,,false,当前K线未触发,m12.12.observation-event.v1,M12.12.daily_observation_loop,M10-PA-002,突破后续跟进,XLI,1d
,,未触发,2026-05-21T23:58:16Z,,,,false,当前K线未触发,m12.12.observation-event.v1,M12.12.daily_observation_loop,M10-PA-002,突破后续跟进,XLI,1h
,,未触发,2026-05-21T23:58:16Z,,,,false,当前K线未触发,m12.12.observation-event.v1,M12.12.daily_observation_loop,M10-PA-002,突破后续跟进,XLI,15m
,,未触发,2026-05-21T23:58:16Z,,,,false,当前K线未触发,m12.12.observation-event.v1,M12.12.daily_observation_loop,M10-PA-002,突破后续跟进,XLI,5m
2026-05-21T10:25:00,long,今日候选,2026-05-21T23:58:16Z,170.0250,168.9200,171.1250,false,needs_read_only_bar_close_review,m12.12.observation-event.v1,M12.12.daily_observation_loop,M10-PA-012,开盘区间突破,XLI,15m
2026-05-21T10:25:00,long,今日候选,2026-05-21T23:58:16Z,170.0250,168.9200,171.1250,false,needs_read_only_bar_close_review,m12.12.observation-event.v1,M12.12.daily_observation_loop,M10-PA-012,开盘区间突破,XLI,5m
,,未触发,2026-05-21T23:58:16Z,,,,false,当前日线未触发,m12.12.observation-event.v1,M12.12.daily_observation_loop,M12-FTD-001,方方土日线趋势顺势信号K,XLI,1d
,,未触发,2026-05-21T23:58:16Z,,,,false,当前K线未触发,m12.12.observation-event.v1,M12.12.daily_observation_loop,M10-PA-001,趋势回调二次入场,XLP,1d
,,未触发,2026-05-21T23:58:16Z,,,,false,当前K线未触发,m12.12.observation-event.v1,M12.12.daily_observation_loop,M10-PA-001,趋势回调二次入场,XLP,1h
,,未触发,2026-05-21T23:58:16Z,,,,false,当前K线未触发,m12.12.observation-event.v1,M12.12.daily_observation_loop,M10-PA-001,趋势回调二次入场,XLP,15m
,,未触发,2026-05-21T23:58:16Z,,,,false,当前K线未触发,m12.12.observation-event.v1,M12.12.daily_observation_loop,M10-PA-001,趋势回调二次入场,XLP,5m
,,未触发,2026-05-21T23:58:16Z,,,,false,当前K线未触发,m12.12.observation-event.v1,M12.12.daily_observation_loop,M10-PA-002,突破后续跟进,XLP,1d
,,未触发,2026-05-21T23:58:16Z,,,,false,当前K线未触发,m12.12.observation-event.v1,M12.12.daily_observation_loop,M10-PA-002,突破后续跟进,XLP,1h
,,未触发,2026-05-21T23:58:16Z,,,,false,当前K线未触发,m12.12.observation-event.v1,M12.12.daily_observation_loop,M10-PA-002,突破后续跟进,XLP,15m
,,未触发,2026-05-21T23:58:16Z,,,,false,当前K线未触发,m12.12.observation-event.v1,M12.12.daily_observation_loop,M10-PA-002,突破后续跟进,XLP,5m
2026-05-21T14:40:00,long,今日候选,2026-05-21T23:58:16Z,84.6950,83.4400,85.9450,false,needs_read_only_bar_close_review,m12.12.observation-event.v1,M12.12.daily_observation_loop,M10-PA-012,开盘区间突破,XLP,15m
2026-05-21T14:40:00,long,今日候选,2026-05-21T23:58:16Z,84.6950,83.4400,85.9450,false,needs_read_only_bar_close_review,m12.12.observation-event.v1,M12.12.daily_observation_loop,M10-PA-012,开盘区间突破,XLP,5m
2026-05-21T16:00:00-04:00,short,今日候选,2026-05-21T23:58:16Z,84.01,84.69,82.65,false,needs_read_only_bar_close_review,m12.12.observation-event.v1,M12.12.daily_observation_loop,M12-FTD-001,方方土日线趋势顺势信号K,XLP,1d
,,未触发,2026-05-21T23:58:16Z,,,,false,当前K线未触发,m12.12.observation-event.v1,M12.12.daily_observation_loop,M10-PA-001,趋势回调二次入场,XLU,1d
,,未触发,2026-05-21T23:58:16Z,,,,false,当前K线未触发,m12.12.observation-event.v1,M12.12.daily_observation_loop,M10-PA-001,趋势回调二次入场,XLU,1h
,,未触发,2026-05-21T23:58:16Z,,,,false,当前K线未触发,m12.12.observation-event.v1,M12.12.daily_observation_loop,M10-PA-001,趋势回调二次入场,XLU,15m
,,未触发,2026-05-21T23:58:16Z,,,,false,当前K线未触发,m12.12.observation-event.v1,M12.12.daily_observation_loop,M10-PA-001,趋势回调二次入场,XLU,5m
,,未触发,2026-05-21T23:58:16Z,,,,false,当前K线未触发,m12.12.observation-event.v1,M12.12.daily_observation_loop,M10-PA-002,突破后续跟进,XLU,1d
,,未触发,2026-05-21T23:58:16Z,,,,false,当前K线未触发,m12.12.observation-event.v1,M12.12.daily_observation_loop,M10-PA-002,突破后续跟进,XLU,1h
2026-05-21T15:55:00,long,今日候选,2026-05-21T23:58:16Z,45.0000,44.8940,45.2120,false,needs_read_only_bar_close_review,m12.12.observation-event.v1,M12.12.daily_observation_loop,M10-PA-002,突破后续跟进,XLU,15m
2026-05-21T15:55:00,long,今日候选,2026-05-21T23:58:16Z,45.0000,44.9750,45.0500,false,needs_read_only_bar_close_review,m12.12.observation-event.v1,M12.12.daily_observation_loop,M10-PA-002,突破后续跟进,XLU,5m
2026-05-21T10:25:00,long,今日候选,2026-05-21T23:58:16Z,44.8750,44.4350,45.3100,false,needs_read_only_bar_close_review,m12.12.observation-event.v1,M12.12.daily_observation_loop,M10-PA-012,开盘区间突破,XLU,15m
2026-05-21T10:25:00,long,今日候选,2026-05-21T23:58:16Z,44.8750,44.4350,45.3100,false,needs_read_only_bar_close_review,m12.12.observation-event.v1,M12.12.daily_observation_loop,M10-PA-012,开盘区间突破,XLU,5m
,,未触发,2026-05-21T23:58:16Z,,,,false,当前日线未触发,m12.12.observation-event.v1,M12.12.daily_observation_loop,M12-FTD-001,方方土日线趋势顺势信号K,XLU,1d
,,未触发,2026-05-21T23:58:16Z,,,,false,当前K线未触发,m12.12.observation-event.v1,M12.12.daily_observation_loop,M10-PA-001,趋势回调二次入场,XLC,1d
,,未触发,2026-05-21T23:58:16Z,,,,false,当前K线未触发,m12.12.observation-event.v1,M12.12.daily_observation_loop,M10-PA-001,趋势回调二次入场,XLC,1h
,,未触发,2026-05-21T23:58:16Z,,,,false,当前K线未触发,m12.12.observation-event.v1,M12.12.daily_observation_loop,M10-PA-001,趋势回调二次入场,XLC,15m
,,未触发,2026-05-21T23:58:16Z,,,,false,当前K线未触发,m12.12.observation-event.v1,M12.12.daily_observation_loop,M10-PA-001,趋势回调二次入场,XLC,5m
,,未触发,2026-05-21T23:58:16Z,,,,false,当前K线未触发,m12.12.observation-event.v1,M12.12.daily_observation_loop,M10-PA-002,突破后续跟进,XLC,1d
,,未触发,2026-05-21T23:58:16Z,,,,false,当前K线未触发,m12.12.observation-event.v1,M12.12.daily_observation_loop,M10-PA-002,突破后续跟进,XLC,1h
,,未触发,2026-05-21T23:58:16Z,,,,false,当前K线未触发,m12.12.observation-event.v1,M12.12.daily_observation_loop,M10-PA-002,突破后续跟进,XLC,15m
,,未触发,2026-05-21T23:58:16Z,,,,false,当前K线未触发,m12.12.observation-event.v1,M12.12.daily_observation_loop,M10-PA-002,突破后续跟进,XLC,5m
2026-05-21T10:25:00,long,今日候选,2026-05-21T23:58:16Z,115.8100,114.9900,116.4100,false,needs_read_only_bar_close_review,m12.12.observation-event.v1,M12.12.daily_observation_loop,M10-PA-012,开盘区间突破,XLC,15m
2026-05-21T10:20:00,long,今日候选,2026-05-21T23:58:16Z,115.6150,114.9900,116.2150,false,needs_read_only_bar_close_review,m12.12.observation-event.v1,M12.12.daily_observation_loop,M10-PA-012,开盘区间突破,XLC,5m
,,未触发,2026-05-21T23:58:16Z,,,,false,当前日线未触发,m12.12.observation-event.v1,M12.12.daily_observation_loop,M12-FTD-001,方方土日线趋势顺势信号K,XLC,1d
,,未触发,2026-05-21T23:58:16Z,,,,false,当前K线未触发,m12.12.observation-event.v1,M12.12.daily_observation_loop,M10-PA-001,趋势回调二次入场,XLB,1d
,,未触发,2026-05-21T23:58:16Z,,,,false,当前K线未触发,m12.12.observation-event.v1,M12.12.daily_observation_loop,M10-PA-001,趋势回调二次入场,XLB,1h
,,未触发,2026-05-21T23:58:16Z,,,,false,当前K线未触发,m12.12.observation-event.v1,M12.12.daily_observation_loop,M10-PA-001,趋势回调二次入场,XLB,15m
2026-05-21T15:55:00,long,今日候选,2026-05-21T23:58:16Z,50.0750,49.9750,50.2750,false,needs_read_only_bar_close_review,m12.12.observation-event.v1,M12.12.daily_observation_loop,M10-PA-001,趋势回调二次入场,XLB,5m
,,未触发,2026-05-21T23:58:16Z,,,,false,当前K线未触发,m12.12.observation-event.v1,M12.12.daily_observation_loop,M10-PA-002,突破后续跟进,XLB,1d
,,未触发,2026-05-21T23:58:16Z,,,,false,当前K线未触发,m12.12.observation-event.v1,M12.12.daily_observation_loop,M10-PA-002,突破后续跟进,XLB,1h
,,未触发,2026-05-21T23:58:16Z,,,,false,当前K线未触发,m12.12.observation-event.v1,M12.12.daily_observation_loop,M10-PA-002,突破后续跟进,XLB,15m
,,未触发,2026-05-21T23:58:16Z,,,,false,当前K线未触发,m12.12.observation-event.v1,M12.12.daily_observation_loop,M10-PA-002,突破后续跟进,XLB,5m
2026-05-21T10:10:00,long,今日候选,2026-05-21T23:58:16Z,49.6750,49.1350,50.1600,false,needs_read_only_bar_close_review,m12.12.observation-event.v1,M12.12.daily_observation_loop,M10-PA-012,开盘区间突破,XLB,15m
2026-05-21T10:00:00,long,今日候选,2026-05-21T23:58:16Z,49.6500,49.1350,50.1350,false,needs_read_only_bar_close_review,m12.12.observation-event.v1,M12.12.daily_observation_loop,M10-PA-012,开盘区间突破,XLB,5m
,,未触发,2026-05-21T23:58:16Z,,,,false,当前日线未触发,m12.12.observation-event.v1,M12.12.daily_observation_loop,M12-FTD-001,方方土日线趋势顺势信号K,XLB,1d
,,未触发,2026-05-21T23:58:16Z,,,,false,当前K线未触发,m12.12.observation-event.v1,M12.12.daily_observation_loop,M10-PA-001,趋势回调二次入场,SMH,1d
,,未触发,2026-05-21T23:58:16Z,,,,false,当前K线未触发,m12.12.observation-event.v1,M12.12.daily_observation_loop,M10-PA-001,趋势回调二次入场,SMH,1h
,,未触发,2026-05-21T23:58:16Z,,,,false,当前K线未触发,m12.12.observation-event.v1,M12.12.daily_observation_loop,M10-PA-001,趋势回调二次入场,SMH,15m
,,未触发,2026-05-21T23:58:16Z,,,,false,当前K线未触发,m12.12.observation-event.v1,M12.12.daily_observation_loop,M10-PA-001,趋势回调二次入场,SMH,5m
,,未触发,2026-05-21T23:58:16Z,,,,false,当前K线未触发,m12.12.observation-event.v1,M12.12.daily_observation_loop,M10-PA-002,突破后续跟进,SMH,1d
,,未触发,2026-05-21T23:58:16Z,,,,false,当前K线未触发,m12.12.observation-event.v1,M12.12.daily_observation_loop,M10-PA-002,突破后续跟进,SMH,1h
,,未触发,2026-05-21T23:58:16Z,,,,false,当前K线未触发,m12.12.observation-event.v1,M12.12.daily_observation_loop,M10-PA-002,突破后续跟进,SMH,15m
,,未触发,2026-05-21T23:58:16Z,,,,false,当前K线未触发,m12.12.observation-event.v1,M12.12.daily_observation_loop,M10-PA-002,突破后续跟进,SMH,5m
2026-05-21T10:25:00,short,今日候选,2026-05-21T23:58:16Z,560.5100,567.1200,554.4120,false,needs_read_only_bar_close_review,m12.12.observation-event.v1,M12.12.daily_observation_loop,M10-PA-012,开盘区间突破,SMH,15m
2026-05-21T10:00:00,long,今日候选,2026-05-21T23:58:16Z,568.2000,561.0220,574.2980,false,needs_read_only_bar_close_review,m12.12.observation-event.v1,M12.12.daily_observation_loop,M10-PA-012,开盘区间突破,SMH,5m
,,未触发,2026-05-21T23:58:16Z,,,,false,当前日线未触发,m12.12.observation-event.v1,M12.12.daily_observation_loop,M12-FTD-001,方方土日线趋势顺势信号K,SMH,1d
,,未触发,2026-05-21T23:58:16Z,,,,false,当前K线未触发,m12.12.observation-event.v1,M12.12.daily_observation_loop,M10-PA-001,趋势回调二次入场,SOXX,1d
,,未触发,2026-05-21T23:58:16Z,,,,false,当前K线未触发,m12.12.observation-event.v1,M12.12.daily_observation_loop,M10-PA-001,趋势回调二次入场,SOXX,1h
,,未触发,2026-05-21T23:58:16Z,,,,false,当前K线未触发,m12.12.observation-event.v1,M12.12.daily_observation_loop,M10-PA-001,趋势回调二次入场,SOXX,15m
,,未触发,2026-05-21T23:58:16Z,,,,false,当前K线未触发,m12.12.observation-event.v1,M12.12.daily_observation_loop,M10-PA-001,趋势回调二次入场,SOXX,5m
,,未触发,2026-05-21T23:58:16Z,,,,false,当前K线未触发,m12.12.observation-event.v1,M12.12.daily_observation_loop,M10-PA-002,突破后续跟进,SOXX,1d
,,未触发,2026-05-21T23:58:16Z,,,,false,当前K线未触发,m12.12.observation-event.v1,M12.12.daily_observation_loop,M10-PA-002,突破后续跟进,SOXX,1h
,,未触发,2026-05-21T23:58:16Z,,,,false,当前K线未触发,m12.12.observation-event.v1,M12.12.daily_observation_loop,M10-PA-002,突破后续跟进,SOXX,15m
,,未触发,2026-05-21T23:58:16Z,,,,false,当前K线未触发,m12.12.observation-event.v1,M12.12.daily_observation_loop,M10-PA-002,突破后续跟进,SOXX,5m
2026-05-21T11:25:00,short,今日候选,2026-05-21T23:58:16Z,517.5700,523.9400,511.3800,false,needs_read_only_bar_close_review,m12.12.observation-event.v1,M12.12.daily_observation_loop,M10-PA-012,开盘区间突破,SOXX,15m
2026-05-21T10:00:00,long,今日候选,2026-05-21T23:58:16Z,524.8000,517.7500,530.9900,false,needs_read_only_bar_close_review,m12.12.observation-event.v1,M12.12.daily_observation_loop,M10-PA-012,开盘区间突破,SOXX,5m
,,未触发,2026-05-21T23:58:16Z,,,,false,当前日线未触发,m12.12.observation-event.v1,M12.12.daily_observation_loop,M12-FTD-001,方方土日线趋势顺势信号K,SOXX,1d
,,未触发,2026-05-21T23:58:16Z,,,,false,当前K线未触发,m12.12.observation-event.v1,M12.12.daily_observation_loop,M10-PA-001,趋势回调二次入场,TQQQ,1d
,,未触发,2026-05-21T23:58:16Z,,,,false,当前K线未触发,m12.12.observation-event.v1,M12.12.daily_observation_loop,M10-PA-001,趋势回调二次入场,TQQQ,1h
,,未触发,2026-05-21T23:58:16Z,,,,false,当前K线未触发,m12.12.observation-event.v1,M12.12.daily_observation_loop,M10-PA-001,趋势回调二次入场,TQQQ,15m
,,未触发,2026-05-21T23:58:16Z,,,,false,当前K线未触发,m12.12.observation-event.v1,M12.12.daily_observation_loop,M10-PA-001,趋势回调二次入场,TQQQ,5m
,,未触发,2026-05-21T23:58:16Z,,,,false,当前K线未触发,m12.12.observation-event.v1,M12.12.daily_observation_loop,M10-PA-002,突破后续跟进,TQQQ,1d
,,未触发,2026-05-21T23:58:16Z,,,,false,当前K线未触发,m12.12.observation-event.v1,M12.12.daily_observation_loop,M10-PA-002,突破后续跟进,TQQQ,1h
,,未触发,2026-05-21T23:58:16Z,,,,false,当前K线未触发,m12.12.observation-event.v1,M12.12.daily_observation_loop,M10-PA-002,突破后续跟进,TQQQ,15m
,,未触发,2026-05-21T23:58:16Z,,,,false,当前K线未触发,m12.12.observation-event.v1,M12.12.daily_observation_loop,M10-PA-002,突破后续跟进,TQQQ,5m
2026-05-21T13:10:00,long,今日候选,2026-05-21T23:58:16Z,76.1600,74.8600,77.2300,false,needs_read_only_bar_close_review,m12.12.observation-event.v1,M12.12.daily_observation_loop,M10-PA-012,开盘区间突破,TQQQ,15m
2026-05-21T10:05:00,long,今日候选,2026-05-21T23:58:16Z,75.9800,74.8600,77.0500,false,needs_read_only_bar_close_review,m12.12.observation-event.v1,M12.12.daily_observation_loop,M10-PA-012,开盘区间突破,TQQQ,5m
,,未触发,2026-05-21T23:58:16Z,,,,false,当前日线未触发,m12.12.observation-event.v1,M12.12.daily_observation_loop,M12-FTD-001,方方土日线趋势顺势信号K,TQQQ,1d
,,未触发,2026-05-21T23:58:16Z,,,,false,当前K线未触发,m12.12.observation-event.v1,M12.12.daily_observation_loop,M10-PA-001,趋势回调二次入场,SQQQ,1d
,,未触发,2026-05-21T23:58:16Z,,,,false,当前K线未触发,m12.12.observation-event.v1,M12.12.daily_observation_loop,M10-PA-001,趋势回调二次入场,SQQQ,1h
,,未触发,2026-05-21T23:58:16Z,,,,false,当前K线未触发,m12.12.observation-event.v1,M12.12.daily_observation_loop,M10-PA-001,趋势回调二次入场,SQQQ,15m
,,未触发,2026-05-21T23:58:16Z,,,,false,当前K线未触发,m12.12.observation-event.v1,M12.12.daily_observation_loop,M10-PA-001,趋势回调二次入场,SQQQ,5m
,,未触发,2026-05-21T23:58:16Z,,,,false,当前K线未触发,m12.12.observation-event.v1,M12.12.daily_observation_loop,M10-PA-002,突破后续跟进,SQQQ,1d
,,未触发,2026-05-21T23:58:16Z,,,,false,当前K线未触发,m12.12.observation-event.v1,M12.12.daily_observation_loop,M10-PA-002,突破后续跟进,SQQQ,1h
,,未触发,2026-05-21T23:58:16Z,,,,false,当前K线未触发,m12.12.observation-event.v1,M12.12.daily_observation_loop,M10-PA-002,突破后续跟进,SQQQ,15m
,,未触发,2026-05-21T23:58:16Z,,,,false,当前K线未触发,m12.12.observation-event.v1,M12.12.daily_observation_loop,M10-PA-002,突破后续跟进,SQQQ,5m
2026-05-21T13:10:00,short,今日候选,2026-05-21T23:58:16Z,42.3950,43.1200,41.8000,false,needs_read_only_bar_close_review,m12.12.observation-event.v1,M12.12.daily_observation_loop,M10-PA-012,开盘区间突破,SQQQ,15m
2026-05-21T10:05:00,short,今日候选,2026-05-21T23:58:16Z,42.5000,43.1200,41.9050,false,needs_read_only_bar_close_review,m12.12.observation-event.v1,M12.12.daily_observation_loop,M10-PA-012,开盘区间突破,SQQQ,5m
,,未触发,2026-05-21T23:58:16Z,,,,false,当前日线未触发,m12.12.observation-event.v1,M12.12.daily_observation_loop,M12-FTD-001,方方土日线趋势顺势信号K,SQQQ,1d
,,未触发,2026-05-21T23:58:16Z,,,,false,当前K线未触发,m12.12.observation-event.v1,M12.12.daily_observation_loop,M10-PA-001,趋势回调二次入场,GLD,1d
,,未触发,2026-05-21T23:58:16Z,,,,false,当前K线未触发,m12.12.observation-event.v1,M12.12.daily_observation_loop,M10-PA-001,趋势回调二次入场,GLD,1h
,,未触发,2026-05-21T23:58:16Z,,,,false,当前K线未触发,m12.12.observation-event.v1,M12.12.daily_observation_loop,M10-PA-001,趋势回调二次入场,GLD,15m
,,未触发,2026-05-21T23:58:16Z,,,,false,当前K线未触发,m12.12.observation-event.v1,M12.12.daily_observation_loop,M10-PA-001,趋势回调二次入场,GLD,5m
,,未触发,2026-05-21T23:58:16Z,,,,false,当前K线未触发,m12.12.observation-event.v1,M12.12.daily_observation_loop,M10-PA-002,突破后续跟进,GLD,1d
,,未触发,2026-05-21T23:58:16Z,,,,false,当前K线未触发,m12.12.observation-event.v1,M12.12.daily_observation_loop,M10-PA-002,突破后续跟进,GLD,1h
,,未触发,2026-05-21T23:58:16Z,,,,false,当前K线未触发,m12.12.observation-event.v1,M12.12.daily_observation_loop,M10-PA-002,突破后续跟进,GLD,15m
,,未触发,2026-05-21T23:58:16Z,,,,false,当前K线未触发,m12.12.observation-event.v1,M12.12.daily_observation_loop,M10-PA-002,突破后续跟进,GLD,5m
2026-05-21T13:10:00,long,今日候选,2026-05-21T23:58:16Z,415.4450,411.9500,418.4550,false,needs_read_only_bar_close_review,m12.12.observation-event.v1,M12.12.daily_observation_loop,M10-PA-012,开盘区间突破,GLD,15m
2026-05-21T13:10:00,long,今日候选,2026-05-21T23:58:16Z,415.4450,411.9500,418.4550,false,needs_read_only_bar_close_review,m12.12.observation-event.v1,M12.12.daily_observation_loop,M10-PA-012,开盘区间突破,GLD,5m
,,未触发,2026-05-21T23:58:16Z,,,,false,当前日线未触发,m12.12.observation-event.v1,M12.12.daily_observation_loop,M12-FTD-001,方方土日线趋势顺势信号K,GLD,1d
,,未触发,2026-05-21T23:58:16Z,,,,false,当前K线未触发,m12.12.observation-event.v1,M12.12.daily_observation_loop,M10-PA-001,趋势回调二次入场,SLV,1d
,,未触发,2026-05-21T23:58:16Z,,,,false,当前K线未触发,m12.12.observation-event.v1,M12.12.daily_observation_loop,M10-PA-001,趋势回调二次入场,SLV,1h
,,未触发,2026-05-21T23:58:16Z,,,,false,当前K线未触发,m12.12.observation-event.v1,M12.12.daily_observation_loop,M10-PA-001,趋势回调二次入场,SLV,15m
,,未触发,2026-05-21T23:58:16Z,,,,false,当前K线未触发,m12.12.observation-event.v1,M12.12.daily_observation_loop,M10-PA-001,趋势回调二次入场,SLV,5m
,,未触发,2026-05-21T23:58:16Z,,,,false,当前K线未触发,m12.12.observation-event.v1,M12.12.daily_observation_loop,M10-PA-002,突破后续跟进,SLV,1d
,,未触发,2026-05-21T23:58:16Z,,,,false,当前K线未触发,m12.12.observation-event.v1,M12.12.daily_observation_loop,M10-PA-002,突破后续跟进,SLV,1h
,,未触发,2026-05-21T23:58:16Z,,,,false,当前K线未触发,m12.12.observation-event.v1,M12.12.daily_observation_loop,M10-PA-002,突破后续跟进,SLV,15m
,,未触发,2026-05-21T23:58:16Z,,,,false,当前K线未触发,m12.12.observation-event.v1,M12.12.daily_observation_loop,M10-PA-002,突破后续跟进,SLV,5m
2026-05-21T12:10:00,long,今日候选,2026-05-21T23:58:16Z,68.5400,67.3100,69.7300,false,needs_read_only_bar_close_review,m12.12.observation-event.v1,M12.12.daily_observation_loop,M10-PA-012,开盘区间突破,SLV,15m
2026-05-21T12:00:00,long,今日候选,2026-05-21T23:58:16Z,68.5500,67.3100,69.7400,false,needs_read_only_bar_close_review,m12.12.observation-event.v1,M12.12.daily_observation_loop,M10-PA-012,开盘区间突破,SLV,5m
,,未触发,2026-05-21T23:58:16Z,,,,false,当前日线未触发,m12.12.observation-event.v1,M12.12.daily_observation_loop,M12-FTD-001,方方土日线趋势顺势信号K,SLV,1d
,,未触发,2026-05-21T23:58:16Z,,,,false,当前K线未触发,m12.12.observation-event.v1,M12.12.daily_observation_loop,M10-PA-001,趋势回调二次入场,USO,1d
,,未触发,2026-05-21T23:58:16Z,,,,false,当前K线未触发,m12.12.observation-event.v1,M12.12.daily_observation_loop,M10-PA-001,趋势回调二次入场,USO,1h
,,未触发,2026-05-21T23:58:16Z,,,,false,当前K线未触发,m12.12.observation-event.v1,M12.12.daily_observation_loop,M10-PA-001,趋势回调二次入场,USO,15m
,,未触发,2026-05-21T23:58:16Z,,,,false,当前K线未触发,m12.12.observation-event.v1,M12.12.daily_observation_loop,M10-PA-001,趋势回调二次入场,USO,5m
,,未触发,2026-05-21T23:58:16Z,,,,false,当前K线未触发,m12.12.observation-event.v1,M12.12.daily_observation_loop,M10-PA-002,突破后续跟进,USO,1d
,,未触发,2026-05-21T23:58:16Z,,,,false,当前K线未触发,m12.12.observation-event.v1,M12.12.daily_observation_loop,M10-PA-002,突破后续跟进,USO,1h
,,未触发,2026-05-21T23:58:16Z,,,,false,当前K线未触发,m12.12.observation-event.v1,M12.12.daily_observation_loop,M10-PA-002,突破后续跟进,USO,15m
,,未触发,2026-05-21T23:58:16Z,,,,false,当前K线未触发,m12.12.observation-event.v1,M12.12.daily_observation_loop,M10-PA-002,突破后续跟进,USO,5m
2026-05-21T12:40:00,short,今日候选,2026-05-21T23:58:16Z,146.7500,150.2550,143.3650,false,needs_read_only_bar_close_review,m12.12.observation-event.v1,M12.12.daily_observation_loop,M10-PA-012,开盘区间突破,USO,15m
2026-05-21T12:00:00,short,今日候选,2026-05-21T23:58:16Z,146.6050,150.2550,143.2200,false,needs_read_only_bar_close_review,m12.12.observation-event.v1,M12.12.daily_observation_loop,M10-PA-012,开盘区间突破,USO,5m
,,未触发,2026-05-21T23:58:16Z,,,,false,当前日线未触发,m12.12.observation-event.v1,M12.12.daily_observation_loop,M12-FTD-001,方方土日线趋势顺势信号K,USO,1d
,,未触发,2026-05-21T23:58:16Z,,,,false,当前K线未触发,m12.12.observation-event.v1,M12.12.daily_observation_loop,M10-PA-001,趋势回调二次入场,TLT,1d
,,未触发,2026-05-21T23:58:16Z,,,,false,当前K线未触发,m12.12.observation-event.v1,M12.12.daily_observation_loop,M10-PA-001,趋势回调二次入场,TLT,1h
,,未触发,2026-05-21T23:58:16Z,,,,false,当前K线未触发,m12.12.observation-event.v1,M12.12.daily_observation_loop,M10-PA-001,趋势回调二次入场,TLT,15m
,,未触发,2026-05-21T23:58:16Z,,,,false,当前K线未触发,m12.12.observation-event.v1,M12.12.daily_observation_loop,M10-PA-001,趋势回调二次入场,TLT,5m
,,未触发,2026-05-21T23:58:16Z,,,,false,当前K线未触发,m12.12.observation-event.v1,M12.12.daily_observation_loop,M10-PA-002,突破后续跟进,TLT,1d
,,未触发,2026-05-21T23:58:16Z,,,,false,当前K线未触发,m12.12.observation-event.v1,M12.12.daily_observation_loop,M10-PA-002,突破后续跟进,TLT,1h
,,未触发,2026-05-21T23:58:16Z,,,,false,当前K线未触发,m12.12.observation-event.v1,M12.12.daily_observation_loop,M10-PA-002,突破后续跟进,TLT,15m
,,未触发,2026-05-21T23:58:16Z,,,,false,当前K线未触发,m12.12.observation-event.v1,M12.12.daily_observation_loop,M10-PA-002,突破后续跟进,TLT,5m
2026-05-21T12:10:00,long,今日候选,2026-05-21T23:58:16Z,83.7400,83.3250,84.1440,false,needs_read_only_bar_close_review,m12.12.observation-event.v1,M12.12.daily_observation_loop,M10-PA-012,开盘区间突破,TLT,15m
2026-05-21T12:05:00,long,今日候选,2026-05-21T23:58:16Z,83.7650,83.3250,84.1690,false,needs_read_only_bar_close_review,m12.12.observation-event.v1,M12.12.daily_observation_loop,M10-PA-012,开盘区间突破,TLT,5m
,,未触发,2026-05-21T23:58:16Z,,,,false,当前日线未触发,m12.12.observation-event.v1,M12.12.daily_observation_loop,M12-FTD-001,方方土日线趋势顺势信号K,TLT,1d
,,未触发,2026-05-21T23:58:16Z,,,,false,当前K线未触发,m12.12.observation-event.v1,M12.12.daily_observation_loop,M10-PA-001,趋势回调二次入场,HYG,1d
,,未触发,2026-05-21T23:58:16Z,,,,false,当前K线未触发,m12.12.observation-event.v1,M12.12.daily_observation_loop,M10-PA-001,趋势回调二次入场,HYG,1h
,,未触发,2026-05-21T23:58:16Z,,,,false,当前K线未触发,m12.12.observation-event.v1,M12.12.daily_observation_loop,M10-PA-001,趋势回调二次入场,HYG,15m
,,未触发,2026-05-21T23:58:16Z,,,,false,当前K线未触发,m12.12.observation-event.v1,M12.12.daily_observation_loop,M10-PA-001,趋势回调二次入场,HYG,5m
,,未触发,2026-05-21T23:58:16Z,,,,false,当前K线未触发,m12.12.observation-event.v1,M12.12.daily_observation_loop,M10-PA-002,突破后续跟进,HYG,1d
,,未触发,2026-05-21T23:58:16Z,,,,false,当前K线未触发,m12.12.observation-event.v1,M12.12.daily_observation_loop,M10-PA-002,突破后续跟进,HYG,1h
,,未触发,2026-05-21T23:58:16Z,,,,false,当前K线未触发,m12.12.observation-event.v1,M12.12.daily_observation_loop,M10-PA-002,突破后续跟进,HYG,15m
,,未触发,2026-05-21T23:58:16Z,,,,false,当前K线未触发,m12.12.observation-event.v1,M12.12.daily_observation_loop,M10-PA-002,突破后续跟进,HYG,5m
2026-05-21T13:25:00,long,今日候选,2026-05-21T23:58:16Z,79.8450,79.6450,79.9750,false,needs_read_only_bar_close_review,m12.12.observation-event.v1,M12.12.daily_observation_loop,M10-PA-012,开盘区间突破,HYG,15m
2026-05-21T10:05:00,long,今日候选,2026-05-21T23:58:16Z,79.7950,79.6450,79.9250,false,needs_read_only_bar_close_review,m12.12.observation-event.v1,M12.12.daily_observation_loop,M10-PA-012,开盘区间突破,HYG,5m
,,未触发,2026-05-21T23:58:16Z,,,,false,当前日线未触发,m12.12.observation-event.v1,M12.12.daily_observation_loop,M12-FTD-001,方方土日线趋势顺势信号K,HYG,1d
,,未触发,2026-05-21T23:58:16Z,,,,false,当前K线未触发,m12.12.observation-event.v1,M12.12.daily_observation_loop,M10-PA-001,趋势回调二次入场,LQD,1d
,,未触发,2026-05-21T23:58:16Z,,,,false,当前K线未触发,m12.12.observation-event.v1,M12.12.daily_observation_loop,M10-PA-001,趋势回调二次入场,LQD,1h
,,未触发,2026-05-21T23:58:16Z,,,,false,当前K线未触发,m12.12.observation-event.v1,M12.12.daily_observation_loop,M10-PA-001,趋势回调二次入场,LQD,15m
,,未触发,2026-05-21T23:58:16Z,,,,false,当前K线未触发,m12.12.observation-event.v1,M12.12.daily_observation_loop,M10-PA-001,趋势回调二次入场,LQD,5m
,,未触发,2026-05-21T23:58:16Z,,,,false,当前K线未触发,m12.12.observation-event.v1,M12.12.daily_observation_loop,M10-PA-002,突破后续跟进,LQD,1d
,,未触发,2026-05-21T23:58:16Z,,,,false,当前K线未触发,m12.12.observation-event.v1,M12.12.daily_observation_loop,M10-PA-002,突破后续跟进,LQD,1h
,,未触发,2026-05-21T23:58:16Z,,,,false,当前K线未触发,m12.12.observation-event.v1,M12.12.daily_observation_loop,M10-PA-002,突破后续跟进,LQD,15m
,,未触发,2026-05-21T23:58:16Z,,,,false,当前K线未触发,m12.12.observation-event.v1,M12.12.daily_observation_loop,M10-PA-002,突破后续跟进,LQD,5m
2026-05-21T12:25:00,long,今日候选,2026-05-21T23:58:16Z,107.7650,107.4600,108.0650,false,needs_read_only_bar_close_review,m12.12.observation-event.v1,M12.12.daily_observation_loop,M10-PA-012,开盘区间突破,LQD,15m
2026-05-21T12:25:00,long,今日候选,2026-05-21T23:58:16Z,107.7650,107.4600,108.0650,false,needs_read_only_bar_close_review,m12.12.observation-event.v1,M12.12.daily_observation_loop,M10-PA-012,开盘区间突破,LQD,5m
,,未触发,2026-05-21T23:58:16Z,,,,false,当前日线未触发,m12.12.observation-event.v1,M12.12.daily_observation_loop,M12-FTD-001,方方土日线趋势顺势信号K,LQD,1d
,,未触发,2026-05-21T23:58:16Z,,,,false,当前K线未触发,m12.12.observation-event.v1,M12.12.daily_observation_loop,M10-PA-001,趋势回调二次入场,EEM,1d
,,未触发,2026-05-21T23:58:16Z,,,,false,当前K线未触发,m12.12.observation-event.v1,M12.12.daily_observation_loop,M10-PA-001,趋势回调二次入场,EEM,1h
,,未触发,2026-05-21T23:58:16Z,,,,false,当前K线未触发,m12.12.observation-event.v1,M12.12.daily_observation_loop,M10-PA-001,趋势回调二次入场,EEM,15m
,,未触发,2026-05-21T23:58:16Z,,,,false,当前K线未触发,m12.12.observation-event.v1,M12.12.daily_observation_loop,M10-PA-001,趋势回调二次入场,EEM,5m
,,未触发,2026-05-21T23:58:16Z,,,,false,当前K线未触发,m12.12.observation-event.v1,M12.12.daily_observation_loop,M10-PA-002,突破后续跟进,EEM,1d
,,未触发,2026-05-21T23:58:16Z,,,,false,当前K线未触发,m12.12.observation-event.v1,M12.12.daily_observation_loop,M10-PA-002,突破后续跟进,EEM,1h
,,未触发,2026-05-21T23:58:16Z,,,,false,当前K线未触发,m12.12.observation-event.v1,M12.12.daily_observation_loop,M10-PA-002,突破后续跟进,EEM,15m
,,未触发,2026-05-21T23:58:16Z,,,,false,当前K线未触发,m12.12.observation-event.v1,M12.12.daily_observation_loop,M10-PA-002,突破后续跟进,EEM,5m
2026-05-21T13:25:00,long,今日候选,2026-05-21T23:58:16Z,65.9800,65.0550,66.6450,false,needs_read_only_bar_close_review,m12.12.observation-event.v1,M12.12.daily_observation_loop,M10-PA-012,开盘区间突破,EEM,15m
2026-05-21T13:15:00,long,今日候选,2026-05-21T23:58:16Z,65.8900,65.0550,66.5550,false,needs_read_only_bar_close_review,m12.12.observation-event.v1,M12.12.daily_observation_loop,M10-PA-012,开盘区间突破,EEM,5m
,,未触发,2026-05-21T23:58:16Z,,,,false,当前日线未触发,m12.12.observation-event.v1,M12.12.daily_observation_loop,M12-FTD-001,方方土日线趋势顺势信号K,EEM,1d
,,未触发,2026-05-21T23:58:16Z,,,,false,当前K线未触发,m12.12.observation-event.v1,M12.12.daily_observation_loop,M10-PA-001,趋势回调二次入场,EFA,1d
,,未触发,2026-05-21T23:58:16Z,,,,false,当前K线未触发,m12.12.observation-event.v1,M12.12.daily_observation_loop,M10-PA-001,趋势回调二次入场,EFA,1h
,,未触发,2026-05-21T23:58:16Z,,,,false,当前K线未触发,m12.12.observation-event.v1,M12.12.daily_observation_loop,M10-PA-001,趋势回调二次入场,EFA,15m
,,未触发,2026-05-21T23:58:16Z,,,,false,当前K线未触发,m12.12.observation-event.v1,M12.12.daily_observation_loop,M10-PA-001,趋势回调二次入场,EFA,5m
,,未触发,2026-05-21T23:58:16Z,,,,false,当前K线未触发,m12.12.observation-event.v1,M12.12.daily_observation_loop,M10-PA-002,突破后续跟进,EFA,1d
,,未触发,2026-05-21T23:58:16Z,,,,false,当前K线未触发,m12.12.observation-event.v1,M12.12.daily_observation_loop,M10-PA-002,突破后续跟进,EFA,1h
,,未触发,2026-05-21T23:58:16Z,,,,false,当前K线未触发,m12.12.observation-event.v1,M12.12.daily_observation_loop,M10-PA-002,突破后续跟进,EFA,15m
,,未触发,2026-05-21T23:58:16Z,,,,false,当前K线未触发,m12.12.observation-event.v1,M12.12.daily_observation_loop,M10-PA-002,突破后续跟进,EFA,5m
2026-05-21T13:10:00,long,今日候选,2026-05-21T23:58:16Z,103.6200,102.6000,104.4500,false,needs_read_only_bar_close_review,m12.12.observation-event.v1,M12.12.daily_observation_loop,M10-PA-012,开盘区间突破,EFA,15m
2026-05-21T13:10:00,long,今日候选,2026-05-21T23:58:16Z,103.6200,102.6000,104.4500,false,needs_read_only_bar_close_review,m12.12.observation-event.v1,M12.12.daily_observation_loop,M10-PA-012,开盘区间突破,EFA,5m
,,未触发,2026-05-21T23:58:16Z,,,,false,当前日线未触发,m12.12.observation-event.v1,M12.12.daily_observation_loop,M12-FTD-001,方方土日线趋势顺势信号K,EFA,1d
,,未触发,2026-05-21T23:58:16Z,,,,false,当前K线未触发,m12.12.observation-event.v1,M12.12.daily_observation_loop,M10-PA-001,趋势回调二次入场,ARKK,1d
,,未触发,2026-05-21T23:58:16Z,,,,false,当前K线未触发,m12.12.observation-event.v1,M12.12.daily_observation_loop,M10-PA-001,趋势回调二次入场,ARKK,1h
,,未触发,2026-05-21T23:58:16Z,,,,false,当前K线未触发,m12.12.observation-event.v1,M12.12.daily_observation_loop,M10-PA-001,趋势回调二次入场,ARKK,15m
,,未触发,2026-05-21T23:58:16Z,,,,false,当前K线未触发,m12.12.observation-event.v1,M12.12.daily_observation_loop,M10-PA-001,趋势回调二次入场,ARKK,5m
,,未触发,2026-05-21T23:58:16Z,,,,false,当前K线未触发,m12.12.observation-event.v1,M12.12.daily_observation_loop,M10-PA-002,突破后续跟进,ARKK,1d
,,未触发,2026-05-21T23:58:16Z,,,,false,当前K线未触发,m12.12.observation-event.v1,M12.12.daily_observation_loop,M10-PA-002,突破后续跟进,ARKK,1h
,,未触发,2026-05-21T23:58:16Z,,,,false,当前K线未触发,m12.12.observation-event.v1,M12.12.daily_observation_loop,M10-PA-002,突破后续跟进,ARKK,15m
,,未触发,2026-05-21T23:58:16Z,,,,false,当前K线未触发,m12.12.observation-event.v1,M12.12.daily_observation_loop,M10-PA-002,突破后续跟进,ARKK,5m
2026-05-21T10:55:00,long,今日候选,2026-05-21T23:58:16Z,75.6050,74.9100,76.2890,false,needs_read_only_bar_close_review,m12.12.observation-event.v1,M12.12.daily_observation_loop,M10-PA-012,开盘区间突破,ARKK,15m
2026-05-21T10:05:00,long,今日候选,2026-05-21T23:58:16Z,75.7100,74.9100,76.3940,false,needs_read_only_bar_close_review,m12.12.observation-event.v1,M12.12.daily_observation_loop,M10-PA-012,开盘区间突破,ARKK,5m
,,未触发,2026-05-21T23:58:16Z,,,,false,当前日线未触发,m12.12.observation-event.v1,M12.12.daily_observation_loop,M12-FTD-001,方方土日线趋势顺势信号K,ARKK,1d
,,未触发,2026-05-21T23:58:16Z,,,,false,当前K线未触发,m12.12.observation-event.v1,M12.12.daily_observation_loop,M10-PA-001,趋势回调二次入场,AAPL,1d
,,未触发,2026-05-21T23:58:16Z,,,,false,当前K线未触发,m12.12.observation-event.v1,M12.12.daily_observation_loop,M10-PA-001,趋势回调二次入场,AAPL,1h
,,未触发,2026-05-21T23:58:16Z,,,,false,当前K线未触发,m12.12.observation-event.v1,M12.12.daily_observation_loop,M10-PA-001,趋势回调二次入场,AAPL,15m
,,未触发,2026-05-21T23:58:16Z,,,,false,当前K线未触发,m12.12.observation-event.v1,M12.12.daily_observation_loop,M10-PA-001,趋势回调二次入场,AAPL,5m
,,未触发,2026-05-21T23:58:16Z,,,,false,当前K线未触发,m12.12.observation-event.v1,M12.12.daily_observation_loop,M10-PA-002,突破后续跟进,AAPL,1d
,,未触发,2026-05-21T23:58:16Z,,,,false,当前K线未触发,m12.12.observation-event.v1,M12.12.daily_observation_loop,M10-PA-002,突破后续跟进,AAPL,1h
,,未触发,2026-05-21T23:58:16Z,,,,false,当前K线未触发,m12.12.observation-event.v1,M12.12.daily_observation_loop,M10-PA-002,突破后续跟进,AAPL,15m
,,未触发,2026-05-21T23:58:16Z,,,,false,当前K线未触发,m12.12.observation-event.v1,M12.12.daily_observation_loop,M10-PA-002,突破后续跟进,AAPL,5m
2026-05-21T11:40:00,long,今日候选,2026-05-21T23:58:16Z,303.9400,300.4000,306.6100,false,needs_read_only_bar_close_review,m12.12.observation-event.v1,M12.12.daily_observation_loop,M10-PA-012,开盘区间突破,AAPL,15m
2026-05-21T11:30:00,long,今日候选,2026-05-21T23:58:16Z,303.1700,300.4000,305.8400,false,needs_read_only_bar_close_review,m12.12.observation-event.v1,M12.12.daily_observation_loop,M10-PA-012,开盘区间突破,AAPL,5m
,,未触发,2026-05-21T23:58:16Z,,,,false,当前日线未触发,m12.12.observation-event.v1,M12.12.daily_observation_loop,M12-FTD-001,方方土日线趋势顺势信号K,AAPL,1d
2026-05-21T16:00:00-04:00,long,今日候选,2026-05-21T23:58:16Z,426.3400,400.8800,477.2600,false,needs_read_only_bar_close_review,m12.12.observation-event.v1,M12.12.daily_observation_loop,M10-PA-001,趋势回调二次入场,MSFT,1d
,,未触发,2026-05-21T23:58:16Z,,,,false,当前K线未触发,m12.12.observation-event.v1,M12.12.daily_observation_loop,M10-PA-001,趋势回调二次入场,MSFT,1h
,,未触发,2026-05-21T23:58:16Z,,,,false,当前K线未触发,m12.12.observation-event.v1,M12.12.daily_observation_loop,M10-PA-001,趋势回调二次入场,MSFT,15m
,,未触发,2026-05-21T23:58:16Z,,,,false,当前K线未触发,m12.12.observation-event.v1,M12.12.daily_observation_loop,M10-PA-001,趋势回调二次入场,MSFT,5m
,,未触发,2026-05-21T23:58:16Z,,,,false,当前K线未触发,m12.12.observation-event.v1,M12.12.daily_observation_loop,M10-PA-002,突破后续跟进,MSFT,1d
,,未触发,2026-05-21T23:58:16Z,,,,false,当前K线未触发,m12.12.observation-event.v1,M12.12.daily_observation_loop,M10-PA-002,突破后续跟进,MSFT,1h
,,未触发,2026-05-21T23:58:16Z,,,,false,当前K线未触发,m12.12.observation-event.v1,M12.12.daily_observation_loop,M10-PA-002,突破后续跟进,MSFT,15m
,,未触发,2026-05-21T23:58:16Z,,,,false,当前K线未触发,m12.12.observation-event.v1,M12.12.daily_observation_loop,M10-PA-002,突破后续跟进,MSFT,5m
2026-05-21T10:10:00,short,今日候选,2026-05-21T23:58:16Z,417.9300,426.3400,409.5900,false,needs_read_only_bar_close_review,m12.12.observation-event.v1,M12.12.daily_observation_loop,M10-PA-012,开盘区间突破,MSFT,15m
2026-05-21T10:00:00,short,今日候选,2026-05-21T23:58:16Z,417.8350,426.3400,409.4950,false,needs_read_only_bar_close_review,m12.12.observation-event.v1,M12.12.daily_observation_loop,M10-PA-012,开盘区间突破,MSFT,5m
,,未触发,2026-05-21T23:58:16Z,,,,false,当前日线未触发,m12.12.observation-event.v1,M12.12.daily_observation_loop,M12-FTD-001,方方土日线趋势顺势信号K,MSFT,1d
,,未触发,2026-05-21T23:58:16Z,,,,false,当前K线未触发,m12.12.observation-event.v1,M12.12.daily_observation_loop,M10-PA-001,趋势回调二次入场,NVDA,1d
,,未触发,2026-05-21T23:58:16Z,,,,false,当前K线未触发,m12.12.observation-event.v1,M12.12.daily_observation_loop,M10-PA-001,趋势回调二次入场,NVDA,1h
,,未触发,2026-05-21T23:58:16Z,,,,false,当前K线未触发,m12.12.observation-event.v1,M12.12.daily_observation_loop,M10-PA-001,趋势回调二次入场,NVDA,15m
2026-05-21T15:55:00,short,今日候选,2026-05-21T23:58:16Z,219.1100,220.6300,216.0700,false,needs_read_only_bar_close_review,m12.12.observation-event.v1,M12.12.daily_observation_loop,M10-PA-001,趋势回调二次入场,NVDA,5m
,,未触发,2026-05-21T23:58:16Z,,,,false,当前K线未触发,m12.12.observation-event.v1,M12.12.daily_observation_loop,M10-PA-002,突破后续跟进,NVDA,1d
,,未触发,2026-05-21T23:58:16Z,,,,false,当前K线未触发,m12.12.observation-event.v1,M12.12.daily_observation_loop,M10-PA-002,突破后续跟进,NVDA,1h
,,未触发,2026-05-21T23:58:16Z,,,,false,当前K线未触发,m12.12.observation-event.v1,M12.12.daily_observation_loop,M10-PA-002,突破后续跟进,NVDA,15m
,,未触发,2026-05-21T23:58:16Z,,,,false,当前K线未触发,m12.12.observation-event.v1,M12.12.daily_observation_loop,M10-PA-002,突破后续跟进,NVDA,5m
2026-05-21T10:25:00,short,今日候选,2026-05-21T23:58:16Z,218.9700,227.4000,211.9200,false,needs_read_only_bar_close_review,m12.12.observation-event.v1,M12.12.daily_observation_loop,M10-PA-012,开盘区间突破,NVDA,15m
2026-05-21T10:15:00,short,今日候选,2026-05-21T23:58:16Z,219.3150,227.4000,212.2650,false,needs_read_only_bar_close_review,m12.12.observation-event.v1,M12.12.daily_observation_loop,M10-PA-012,开盘区间突破,NVDA,5m
2026-05-21T16:00:00-04:00,long,今日候选,2026-05-21T23:58:16Z,227.40,220.35,241.50,false,needs_read_only_bar_close_review,m12.12.observation-event.v1,M12.12.daily_observation_loop,M12-FTD-001,方方土日线趋势顺势信号K,NVDA,1d
,,未触发,2026-05-21T23:58:16Z,,,,false,当前K线未触发,m12.12.observation-event.v1,M12.12.daily_observation_loop,M10-PA-001,趋势回调二次入场,AMZN,1d
,,未触发,2026-05-21T23:58:16Z,,,,false,当前K线未触发,m12.12.observation-event.v1,M12.12.daily_observation_loop,M10-PA-001,趋势回调二次入场,AMZN,1h
,,未触发,2026-05-21T23:58:16Z,,,,false,当前K线未触发,m12.12.observation-event.v1,M12.12.daily_observation_loop,M10-PA-001,趋势回调二次入场,AMZN,15m
,,未触发,2026-05-21T23:58:16Z,,,,false,当前K线未触发,m12.12.observation-event.v1,M12.12.daily_observation_loop,M10-PA-001,趋势回调二次入场,AMZN,5m
,,未触发,2026-05-21T23:58:16Z,,,,false,当前K线未触发,m12.12.observation-event.v1,M12.12.daily_observation_loop,M10-PA-002,突破后续跟进,AMZN,1d
,,未触发,2026-05-21T23:58:16Z,,,,false,当前K线未触发,m12.12.observation-event.v1,M12.12.daily_observation_loop,M10-PA-002,突破后续跟进,AMZN,1h
,,未触发,2026-05-21T23:58:16Z,,,,false,当前K线未触发,m12.12.observation-event.v1,M12.12.daily_observation_loop,M10-PA-002,突破后续跟进,AMZN,15m
,,未触发,2026-05-21T23:58:16Z,,,,false,当前K线未触发,m12.12.observation-event.v1,M12.12.daily_observation_loop,M10-PA-002,突破后续跟进,AMZN,5m
2026-05-21T11:10:00,long,今日候选,2026-05-21T23:58:16Z,264.8000,261.3700,267.9500,false,needs_read_only_bar_close_review,m12.12.observation-event.v1,M12.12.daily_observation_loop,M10-PA-012,开盘区间突破,AMZN,15m
2026-05-21T11:10:00,long,今日候选,2026-05-21T23:58:16Z,264.8000,261.3700,267.9500,false,needs_read_only_bar_close_review,m12.12.observation-event.v1,M12.12.daily_observation_loop,M10-PA-012,开盘区间突破,AMZN,5m
,,未触发,2026-05-21T23:58:16Z,,,,false,当前日线未触发,m12.12.observation-event.v1,M12.12.daily_observation_loop,M12-FTD-001,方方土日线趋势顺势信号K,AMZN,1d
,,未触发,2026-05-21T23:58:16Z,,,,false,当前K线未触发,m12.12.observation-event.v1,M12.12.daily_observation_loop,M10-PA-001,趋势回调二次入场,GOOGL,1d
,,未触发,2026-05-21T23:58:16Z,,,,false,当前K线未触发,m12.12.observation-event.v1,M12.12.daily_observation_loop,M10-PA-001,趋势回调二次入场,GOOGL,1h
,,未触发,2026-05-21T23:58:16Z,,,,false,当前K线未触发,m12.12.observation-event.v1,M12.12.daily_observation_loop,M10-PA-001,趋势回调二次入场,GOOGL,15m
2026-05-21T15:55:00,short,今日候选,2026-05-21T23:58:16Z,386.0800,389.2500,379.7400,false,needs_read_only_bar_close_review,m12.12.observation-event.v1,M12.12.daily_observation_loop,M10-PA-001,趋势回调二次入场,GOOGL,5m
,,未触发,2026-05-21T23:58:16Z,,,,false,当前K线未触发,m12.12.observation-event.v1,M12.12.daily_observation_loop,M10-PA-002,突破后续跟进,GOOGL,1d
,,未触发,2026-05-21T23:58:16Z,,,,false,当前K线未触发,m12.12.observation-event.v1,M12.12.daily_observation_loop,M10-PA-002,突破后续跟进,GOOGL,1h
,,未触发,2026-05-21T23:58:16Z,,,,false,当前K线未触发,m12.12.observation-event.v1,M12.12.daily_observation_loop,M10-PA-002,突破后续跟进,GOOGL,15m
,,未触发,2026-05-21T23:58:16Z,,,,false,当前K线未触发,m12.12.observation-event.v1,M12.12.daily_observation_loop,M10-PA-002,突破后续跟进,GOOGL,5m
2026-05-21T10:40:00,long,今日候选,2026-05-21T23:58:16Z,387.7050,383.5400,391.0150,false,needs_read_only_bar_close_review,m12.12.observation-event.v1,M12.12.daily_observation_loop,M10-PA-012,开盘区间突破,GOOGL,15m
2026-05-21T10:30:00,long,今日候选,2026-05-21T23:58:16Z,387.7700,383.5400,391.0800,false,needs_read_only_bar_close_review,m12.12.observation-event.v1,M12.12.daily_observation_loop,M10-PA-012,开盘区间突破,GOOGL,5m
,,未触发,2026-05-21T23:58:16Z,,,,false,当前日线未触发,m12.12.observation-event.v1,M12.12.daily_observation_loop,M12-FTD-001,方方土日线趋势顺势信号K,GOOGL,1d
,,未触发,2026-05-21T23:58:16Z,,,,false,当前K线未触发,m12.12.observation-event.v1,M12.12.daily_observation_loop,M10-PA-001,趋势回调二次入场,GOOG,1d
,,未触发,2026-05-21T23:58:16Z,,,,false,当前K线未触发,m12.12.observation-event.v1,M12.12.daily_observation_loop,M10-PA-001,趋势回调二次入场,GOOG,1h
,,未触发,2026-05-21T23:58:16Z,,,,false,当前K线未触发,m12.12.observation-event.v1,M12.12.daily_observation_loop,M10-PA-001,趋势回调二次入场,GOOG,15m
2026-05-21T15:55:00,short,今日候选,2026-05-21T23:58:16Z,382.0900,385.4050,375.4600,false,needs_read_only_bar_close_review,m12.12.observation-event.v1,M12.12.daily_observation_loop,M10-PA-001,趋势回调二次入场,GOOG,5m
,,未触发,2026-05-21T23:58:16Z,,,,false,当前K线未触发,m12.12.observation-event.v1,M12.12.daily_observation_loop,M10-PA-002,突破后续跟进,GOOG,1d
,,未触发,2026-05-21T23:58:16Z,,,,false,当前K线未触发,m12.12.observation-event.v1,M12.12.daily_observation_loop,M10-PA-002,突破后续跟进,GOOG,1h
,,未触发,2026-05-21T23:58:16Z,,,,false,当前K线未触发,m12.12.observation-event.v1,M12.12.daily_observation_loop,M10-PA-002,突破后续跟进,GOOG,15m
,,未触发,2026-05-21T23:58:16Z,,,,false,当前K线未触发,m12.12.observation-event.v1,M12.12.daily_observation_loop,M10-PA-002,突破后续跟进,GOOG,5m
2026-05-21T10:40:00,long,今日候选,2026-05-21T23:58:16Z,384.1400,379.4800,387.7800,false,needs_read_only_bar_close_review,m12.12.observation-event.v1,M12.12.daily_observation_loop,M10-PA-012,开盘区间突破,GOOG,15m
2026-05-21T10:30:00,long,今日候选,2026-05-21T23:58:16Z,384.1800,379.4800,387.8200,false,needs_read_only_bar_close_review,m12.12.observation-event.v1,M12.12.daily_observation_loop,M10-PA-012,开盘区间突破,GOOG,5m
,,未触发,2026-05-21T23:58:16Z,,,,false,当前日线未触发,m12.12.observation-event.v1,M12.12.daily_observation_loop,M12-FTD-001,方方土日线趋势顺势信号K,GOOG,1d
,,未触发,2026-05-21T23:58:16Z,,,,false,当前K线未触发,m12.12.observation-event.v1,M12.12.daily_observation_loop,M10-PA-001,趋势回调二次入场,META,1d
,,未触发,2026-05-21T23:58:16Z,,,,false,当前K线未触发,m12.12.observation-event.v1,M12.12.daily_observation_loop,M10-PA-001,趋势回调二次入场,META,1h
,,未触发,2026-05-21T23:58:16Z,,,,false,当前K线未触发,m12.12.observation-event.v1,M12.12.daily_observation_loop,M10-PA-001,趋势回调二次入场,META,15m
,,未触发,2026-05-21T23:58:16Z,,,,false,当前K线未触发,m12.12.observation-event.v1,M12.12.daily_observation_loop,M10-PA-001,趋势回调二次入场,META,5m
,,未触发,2026-05-21T23:58:16Z,,,,false,当前K线未触发,m12.12.observation-event.v1,M12.12.daily_observation_loop,M10-PA-002,突破后续跟进,META,1d
,,未触发,2026-05-21T23:58:16Z,,,,false,当前K线未触发,m12.12.observation-event.v1,M12.12.daily_observation_loop,M10-PA-002,突破后续跟进,META,1h
,,未触发,2026-05-21T23:58:16Z,,,,false,当前K线未触发,m12.12.observation-event.v1,M12.12.daily_observation_loop,M10-PA-002,突破后续跟进,META,15m
,,未触发,2026-05-21T23:58:16Z,,,,false,当前K线未触发,m12.12.observation-event.v1,M12.12.daily_observation_loop,M10-PA-002,突破后续跟进,META,5m
2026-05-21T11:25:00,long,今日候选,2026-05-21T23:58:16Z,602.0400,595.2200,608.7900,false,needs_read_only_bar_close_review,m12.12.observation-event.v1,M12.12.daily_observation_loop,M10-PA-012,开盘区间突破,META,15m
2026-05-21T11:25:00,long,今日候选,2026-05-21T23:58:16Z,602.0400,595.2200,608.7900,false,needs_read_only_bar_close_review,m12.12.observation-event.v1,M12.12.daily_observation_loop,M10-PA-012,开盘区间突破,META,5m
,,未触发,2026-05-21T23:58:16Z,,,,false,当前日线未触发,m12.12.observation-event.v1,M12.12.daily_observation_loop,M12-FTD-001,方方土日线趋势顺势信号K,META,1d
2026-05-21T16:00:00-04:00,long,今日候选,2026-05-21T23:58:16Z,426.4400,393.6300,492.0600,false,needs_read_only_bar_close_review,m12.12.observation-event.v1,M12.12.daily_observation_loop,M10-PA-001,趋势回调二次入场,TSLA,1d
,,未触发,2026-05-21T23:58:16Z,,,,false,当前K线未触发,m12.12.observation-event.v1,M12.12.daily_observation_loop,M10-PA-001,趋势回调二次入场,TSLA,1h
,,未触发,2026-05-21T23:58:16Z,,,,false,当前K线未触发,m12.12.observation-event.v1,M12.12.daily_observation_loop,M10-PA-001,趋势回调二次入场,TSLA,15m
2026-05-21T15:55:00,short,今日候选,2026-05-21T23:58:16Z,417.5520,420.0000,412.6560,false,needs_read_only_bar_close_review,m12.12.observation-event.v1,M12.12.daily_observation_loop,M10-PA-001,趋势回调二次入场,TSLA,5m
,,未触发,2026-05-21T23:58:16Z,,,,false,当前K线未触发,m12.12.observation-event.v1,M12.12.daily_observation_loop,M10-PA-002,突破后续跟进,TSLA,1d
,,未触发,2026-05-21T23:58:16Z,,,,false,当前K线未触发,m12.12.observation-event.v1,M12.12.daily_observation_loop,M10-PA-002,突破后续跟进,TSLA,1h
,,未触发,2026-05-21T23:58:16Z,,,,false,当前K线未触发,m12.12.observation-event.v1,M12.12.daily_observation_loop,M10-PA-002,突破后续跟进,TSLA,15m
,,未触发,2026-05-21T23:58:16Z,,,,false,当前K线未触发,m12.12.observation-event.v1,M12.12.daily_observation_loop,M10-PA-002,突破后续跟进,TSLA,5m
2026-05-21T10:25:00,short,今日候选,2026-05-21T23:58:16Z,414.3300,426.9500,404.8900,false,needs_read_only_bar_close_review,m12.12.observation-event.v1,M12.12.daily_observation_loop,M10-PA-012,开盘区间突破,TSLA,15m
2026-05-21T10:00:00,short,今日候选,2026-05-21T23:58:16Z,417.1800,426.9500,407.7400,false,needs_read_only_bar_close_review,m12.12.observation-event.v1,M12.12.daily_observation_loop,M10-PA-012,开盘区间突破,TSLA,5m
2026-05-21T16:00:00-04:00,long,今日候选,2026-05-21T23:58:16Z,426.44,420.60,438.12,false,needs_read_only_bar_close_review,m12.12.observation-event.v1,M12.12.daily_observation_loop,M12-FTD-001,方方土日线趋势顺势信号K,TSLA,1d
,,未触发,2026-05-21T23:58:16Z,,,,false,当前K线未触发,m12.12.observation-event.v1,M12.12.daily_observation_loop,M10-PA-001,趋势回调二次入场,AVGO,1d
,,未触发,2026-05-21T23:58:16Z,,,,false,当前K线未触发,m12.12.observation-event.v1,M12.12.daily_observation_loop,M10-PA-001,趋势回调二次入场,AVGO,1h
,,未触发,2026-05-21T23:58:16Z,,,,false,当前K线未触发,m12.12.observation-event.v1,M12.12.daily_observation_loop,M10-PA-001,趋势回调二次入场,AVGO,15m
,,未触发,2026-05-21T23:58:16Z,,,,false,当前K线未触发,m12.12.observation-event.v1,M12.12.daily_observation_loop,M10-PA-001,趋势回调二次入场,AVGO,5m
,,未触发,2026-05-21T23:58:16Z,,,,false,当前K线未触发,m12.12.observation-event.v1,M12.12.daily_observation_loop,M10-PA-002,突破后续跟进,AVGO,1d
,,未触发,2026-05-21T23:58:16Z,,,,false,当前K线未触发,m12.12.observation-event.v1,M12.12.daily_observation_loop,M10-PA-002,突破后续跟进,AVGO,1h
,,未触发,2026-05-21T23:58:16Z,,,,false,当前K线未触发,m12.12.observation-event.v1,M12.12.daily_observation_loop,M10-PA-002,突破后续跟进,AVGO,15m
,,未触发,2026-05-21T23:58:16Z,,,,false,当前K线未触发,m12.12.observation-event.v1,M12.12.daily_observation_loop,M10-PA-002,突破后续跟进,AVGO,5m
2026-05-21T11:10:00,short,今日候选,2026-05-21T23:58:16Z,412.9400,421.5400,404.5000,false,needs_read_only_bar_close_review,m12.12.observation-event.v1,M12.12.daily_observation_loop,M10-PA-012,开盘区间突破,AVGO,15m
2026-05-21T10:00:00,long,今日候选,2026-05-21T23:58:16Z,421.7900,413.1000,430.2300,false,needs_read_only_bar_close_review,m12.12.observation-event.v1,M12.12.daily_observation_loop,M10-PA-012,开盘区间突破,AVGO,5m
,,未触发,2026-05-21T23:58:16Z,,,,false,当前日线未触发,m12.12.observation-event.v1,M12.12.daily_observation_loop,M12-FTD-001,方方土日线趋势顺势信号K,AVGO,1d
,,未触发,2026-05-21T23:58:16Z,,,,false,当前K线未触发,m12.12.observation-event.v1,M12.12.daily_observation_loop,M10-PA-001,趋势回调二次入场,AMD,1d
,,未触发,2026-05-21T23:58:16Z,,,,false,当前K线未触发,m12.12.observation-event.v1,M12.12.daily_observation_loop,M10-PA-001,趋势回调二次入场,AMD,1h
,,未触发,2026-05-21T23:58:16Z,,,,false,当前K线未触发,m12.12.observation-event.v1,M12.12.daily_observation_loop,M10-PA-001,趋势回调二次入场,AMD,15m
,,未触发,2026-05-21T23:58:16Z,,,,false,当前K线未触发,m12.12.observation-event.v1,M12.12.daily_observation_loop,M10-PA-001,趋势回调二次入场,AMD,5m
,,未触发,2026-05-21T23:58:16Z,,,,false,当前K线未触发,m12.12.observation-event.v1,M12.12.daily_observation_loop,M10-PA-002,突破后续跟进,AMD,1d
,,未触发,2026-05-21T23:58:16Z,,,,false,当前K线未触发,m12.12.observation-event.v1,M12.12.daily_observation_loop,M10-PA-002,突破后续跟进,AMD,1h
,,未触发,2026-05-21T23:58:16Z,,,,false,当前K线未触发,m12.12.observation-event.v1,M12.12.daily_observation_loop,M10-PA-002,突破后续跟进,AMD,15m
,,未触发,2026-05-21T23:58:16Z,,,,false,当前K线未触发,m12.12.observation-event.v1,M12.12.daily_observation_loop,M10-PA-002,突破后续跟进,AMD,5m
2026-05-21T10:10:00,short,今日候选,2026-05-21T23:58:16Z,437.6800,448.0000,429.5820,false,needs_read_only_bar_close_review,m12.12.observation-event.v1,M12.12.daily_observation_loop,M10-PA-012,开盘区间突破,AMD,15m
2026-05-21T10:10:00,short,今日候选,2026-05-21T23:58:16Z,437.6800,448.0000,429.5820,false,needs_read_only_bar_close_review,m12.12.observation-event.v1,M12.12.daily_observation_loop,M10-PA-012,开盘区间突破,AMD,5m
,,未触发,2026-05-21T23:58:16Z,,,,false,当前日线未触发,m12.12.observation-event.v1,M12.12.daily_observation_loop,M12-FTD-001,方方土日线趋势顺势信号K,AMD,1d
,,未触发,2026-05-21T23:58:16Z,,,,false,当前K线未触发,m12.12.observation-event.v1,M12.12.daily_observation_loop,M10-PA-001,趋势回调二次入场,INTC,1d
,,未触发,2026-05-21T23:58:16Z,,,,false,当前K线未触发,m12.12.observation-event.v1,M12.12.daily_observation_loop,M10-PA-001,趋势回调二次入场,INTC,1h
,,未触发,2026-05-21T23:58:16Z,,,,false,当前K线未触发,m12.12.observation-event.v1,M12.12.daily_observation_loop,M10-PA-001,趋势回调二次入场,INTC,15m
,,未触发,2026-05-21T23:58:16Z,,,,false,当前K线未触发,m12.12.observation-event.v1,M12.12.daily_observation_loop,M10-PA-001,趋势回调二次入场,INTC,5m
,,未触发,2026-05-21T23:58:16Z,,,,false,当前K线未触发,m12.12.observation-event.v1,M12.12.daily_observation_loop,M10-PA-002,突破后续跟进,INTC,1d
,,未触发,2026-05-21T23:58:16Z,,,,false,当前K线未触发,m12.12.observation-event.v1,M12.12.daily_observation_loop,M10-PA-002,突破后续跟进,INTC,1h
,,未触发,2026-05-21T23:58:16Z,,,,false,当前K线未触发,m12.12.observation-event.v1,M12.12.daily_observation_loop,M10-PA-002,突破后续跟进,INTC,15m
,,未触发,2026-05-21T23:58:16Z,,,,false,当前K线未触发,m12.12.observation-event.v1,M12.12.daily_observation_loop,M10-PA-002,突破后续跟进,INTC,5m
2026-05-21T13:40:00,long,今日候选,2026-05-21T23:58:16Z,118.8250,113.6600,123.6050,false,needs_read_only_bar_close_review,m12.12.observation-event.v1,M12.12.daily_observation_loop,M10-PA-012,开盘区间突破,INTC,15m
2026-05-21T13:30:00,long,今日候选,2026-05-21T23:58:16Z,118.5600,113.6600,123.3400,false,needs_read_only_bar_close_review,m12.12.observation-event.v1,M12.12.daily_observation_loop,M10-PA-012,开盘区间突破,INTC,5m
,,未触发,2026-05-21T23:58:16Z,,,,false,当前日线未触发,m12.12.observation-event.v1,M12.12.daily_observation_loop,M12-FTD-001,方方土日线趋势顺势信号K,INTC,1d
,,未触发,2026-05-21T23:58:16Z,,,,false,当前K线未触发,m12.12.observation-event.v1,M12.12.daily_observation_loop,M10-PA-001,趋势回调二次入场,MU,1d
,,未触发,2026-05-21T23:58:16Z,,,,false,当前K线未触发,m12.12.observation-event.v1,M12.12.daily_observation_loop,M10-PA-001,趋势回调二次入场,MU,1h
,,未触发,2026-05-21T23:58:16Z,,,,false,当前K线未触发,m12.12.observation-event.v1,M12.12.daily_observation_loop,M10-PA-001,趋势回调二次入场,MU,15m
,,未触发,2026-05-21T23:58:16Z,,,,false,当前K线未触发,m12.12.observation-event.v1,M12.12.daily_observation_loop,M10-PA-001,趋势回调二次入场,MU,5m
,,未触发,2026-05-21T23:58:16Z,,,,false,当前K线未触发,m12.12.observation-event.v1,M12.12.daily_observation_loop,M10-PA-002,突破后续跟进,MU,1d
,,未触发,2026-05-21T23:58:16Z,,,,false,当前K线未触发,m12.12.observation-event.v1,M12.12.daily_observation_loop,M10-PA-002,突破后续跟进,MU,1h
,,未触发,2026-05-21T23:58:16Z,,,,false,当前K线未触发,m12.12.observation-event.v1,M12.12.daily_observation_loop,M10-PA-002,突破后续跟进,MU,15m
,,未触发,2026-05-21T23:58:16Z,,,,false,当前K线未触发,m12.12.observation-event.v1,M12.12.daily_observation_loop,M10-PA-002,突破后续跟进,MU,5m
,,未触发,2026-05-21T23:58:16Z,,,,false,当前K线未触发,m12.12.observation-event.v1,M12.12.daily_observation_loop,M10-PA-012,开盘区间突破,MU,15m
,,未触发,2026-05-21T23:58:16Z,,,,false,当前K线未触发,m12.12.observation-event.v1,M12.12.daily_observation_loop,M10-PA-012,开盘区间突破,MU,5m
2026-05-21T16:00:00-04:00,long,今日候选,2026-05-21T23:58:16Z,747.69,732.23,778.61,false,needs_read_only_bar_close_review,m12.12.observation-event.v1,M12.12.daily_observation_loop,M12-FTD-001,方方土日线趋势顺势信号K,MU,1d
,,未触发,2026-05-21T23:58:16Z,,,,false,当前K线未触发,m12.12.observation-event.v1,M12.12.daily_observation_loop,M10-PA-001,趋势回调二次入场,QCOM,1d
,,未触发,2026-05-21T23:58:16Z,,,,false,当前K线未触发,m12.12.observation-event.v1,M12.12.daily_observation_loop,M10-PA-001,趋势回调二次入场,QCOM,1h
,,未触发,2026-05-21T23:58:16Z,,,,false,当前K线未触发,m12.12.observation-event.v1,M12.12.daily_observation_loop,M10-PA-001,趋势回调二次入场,QCOM,15m
2026-05-21T15:55:00,long,今日候选,2026-05-21T23:58:16Z,213.8900,210.4600,220.7500,false,needs_read_only_bar_close_review,m12.12.observation-event.v1,M12.12.daily_observation_loop,M10-PA-001,趋势回调二次入场,QCOM,5m
,,未触发,2026-05-21T23:58:16Z,,,,false,当前K线未触发,m12.12.observation-event.v1,M12.12.daily_observation_loop,M10-PA-002,突破后续跟进,QCOM,1d
,,未触发,2026-05-21T23:58:16Z,,,,false,当前K线未触发,m12.12.observation-event.v1,M12.12.daily_observation_loop,M10-PA-002,突破后续跟进,QCOM,1h
,,未触发,2026-05-21T23:58:16Z,,,,false,当前K线未触发,m12.12.observation-event.v1,M12.12.daily_observation_loop,M10-PA-002,突破后续跟进,QCOM,15m
2026-05-21T15:55:00,long,今日候选,2026-05-21T23:58:16Z,213.7850,213.1000,215.1550,false,needs_read_only_bar_close_review,m12.12.observation-event.v1,M12.12.daily_observation_loop,M10-PA-002,突破后续跟进,QCOM,5m
2026-05-21T10:10:00,long,今日候选,2026-05-21T23:58:16Z,208.6500,200.0000,216.8800,false,needs_read_only_bar_close_review,m12.12.observation-event.v1,M12.12.daily_observation_loop,M10-PA-012,开盘区间突破,QCOM,15m
2026-05-21T10:00:00,long,今日候选,2026-05-21T23:58:16Z,209.8400,200.0000,218.0700,false,needs_read_only_bar_close_review,m12.12.observation-event.v1,M12.12.daily_observation_loop,M10-PA-012,开盘区间突破,QCOM,5m
,,未触发,2026-05-21T23:58:16Z,,,,false,当前日线未触发,m12.12.observation-event.v1,M12.12.daily_observation_loop,M12-FTD-001,方方土日线趋势顺势信号K,QCOM,1d
2026-05-21T16:00:00-04:00,long,今日候选,2026-05-21T23:58:16Z,191.8500,178.8000,217.9500,false,needs_read_only_bar_close_review,m12.12.observation-event.v1,M12.12.daily_observation_loop,M10-PA-001,趋势回调二次入场,ORCL,1d
,,未触发,2026-05-21T23:58:16Z,,,,false,当前K线未触发,m12.12.observation-event.v1,M12.12.daily_observation_loop,M10-PA-001,趋势回调二次入场,ORCL,1h
,,未触发,2026-05-21T23:58:16Z,,,,false,当前K线未触发,m12.12.observation-event.v1,M12.12.daily_observation_loop,M10-PA-001,趋势回调二次入场,ORCL,15m
,,未触发,2026-05-21T23:58:16Z,,,,false,当前K线未触发,m12.12.observation-event.v1,M12.12.daily_observation_loop,M10-PA-001,趋势回调二次入场,ORCL,5m
,,未触发,2026-05-21T23:58:16Z,,,,false,当前K线未触发,m12.12.observation-event.v1,M12.12.daily_observation_loop,M10-PA-002,突破后续跟进,ORCL,1d
,,未触发,2026-05-21T23:58:16Z,,,,false,当前K线未触发,m12.12.observation-event.v1,M12.12.daily_observation_loop,M10-PA-002,突破后续跟进,ORCL,1h
,,未触发,2026-05-21T23:58:16Z,,,,false,当前K线未触发,m12.12.observation-event.v1,M12.12.daily_observation_loop,M10-PA-002,突破后续跟进,ORCL,15m
,,未触发,2026-05-21T23:58:16Z,,,,false,当前K线未触发,m12.12.observation-event.v1,M12.12.daily_observation_loop,M10-PA-002,突破后续跟进,ORCL,5m
,,未触发,2026-05-21T23:58:16Z,,,,false,当前K线未触发,m12.12.observation-event.v1,M12.12.daily_observation_loop,M10-PA-012,开盘区间突破,ORCL,15m
2026-05-21T10:15:00,short,今日候选,2026-05-21T23:58:16Z,187.3200,191.9900,183.3300,false,needs_read_only_bar_close_review,m12.12.observation-event.v1,M12.12.daily_observation_loop,M10-PA-012,开盘区间突破,ORCL,5m
2026-05-21T16:00:00-04:00,long,今日候选,2026-05-21T23:58:16Z,191.85,188.00,199.55,false,needs_read_only_bar_close_review,m12.12.observation-event.v1,M12.12.daily_observation_loop,M12-FTD-001,方方土日线趋势顺势信号K,ORCL,1d
2026-05-21T16:00:00-04:00,short,今日候选,2026-05-21T23:58:16Z,171.9900,187.4400,141.0900,false,needs_read_only_bar_close_review,m12.12.observation-event.v1,M12.12.daily_observation_loop,M10-PA-001,趋势回调二次入场,CRM,1d
,,未触发,2026-05-21T23:58:16Z,,,,false,当前K线未触发,m12.12.observation-event.v1,M12.12.daily_observation_loop,M10-PA-001,趋势回调二次入场,CRM,1h
,,未触发,2026-05-21T23:58:16Z,,,,false,当前K线未触发,m12.12.observation-event.v1,M12.12.daily_observation_loop,M10-PA-001,趋势回调二次入场,CRM,15m
,,未触发,2026-05-21T23:58:16Z,,,,false,当前K线未触发,m12.12.observation-event.v1,M12.12.daily_observation_loop,M10-PA-001,趋势回调二次入场,CRM,5m
,,未触发,2026-05-21T23:58:16Z,,,,false,当前K线未触发,m12.12.observation-event.v1,M12.12.daily_observation_loop,M10-PA-002,突破后续跟进,CRM,1d
,,未触发,2026-05-21T23:58:16Z,,,,false,当前K线未触发,m12.12.observation-event.v1,M12.12.daily_observation_loop,M10-PA-002,突破后续跟进,CRM,1h
,,未触发,2026-05-21T23:58:16Z,,,,false,当前K线未触发,m12.12.observation-event.v1,M12.12.daily_observation_loop,M10-PA-002,突破后续跟进,CRM,15m
,,未触发,2026-05-21T23:58:16Z,,,,false,当前K线未触发,m12.12.observation-event.v1,M12.12.daily_observation_loop,M10-PA-002,突破后续跟进,CRM,5m
2026-05-21T10:25:00,long,今日候选,2026-05-21T23:58:16Z,176.2000,171.9900,179.7800,false,needs_read_only_bar_close_review,m12.12.observation-event.v1,M12.12.daily_observation_loop,M10-PA-012,开盘区间突破,CRM,15m
2026-05-21T10:25:00,long,今日候选,2026-05-21T23:58:16Z,176.2000,171.9900,179.7800,false,needs_read_only_bar_close_review,m12.12.observation-event.v1,M12.12.daily_observation_loop,M10-PA-012,开盘区间突破,CRM,5m
,,未触发,2026-05-21T23:58:16Z,,,,false,当前日线未触发,m12.12.observation-event.v1,M12.12.daily_observation_loop,M12-FTD-001,方方土日线趋势顺势信号K,CRM,1d
,,未触发,2026-05-21T23:58:16Z,,,,false,当前K线未触发,m12.12.observation-event.v1,M12.12.daily_observation_loop,M10-PA-001,趋势回调二次入场,ADBE,1d
,,未触发,2026-05-21T23:58:16Z,,,,false,当前K线未触发,m12.12.observation-event.v1,M12.12.daily_observation_loop,M10-PA-001,趋势回调二次入场,ADBE,1h
,,未触发,2026-05-21T23:58:16Z,,,,false,当前K线未触发,m12.12.observation-event.v1,M12.12.daily_observation_loop,M10-PA-001,趋势回调二次入场,ADBE,15m
,,未触发,2026-05-21T23:58:16Z,,,,false,当前K线未触发,m12.12.observation-event.v1,M12.12.daily_observation_loop,M10-PA-001,趋势回调二次入场,ADBE,5m
,,未触发,2026-05-21T23:58:16Z,,,,false,当前K线未触发,m12.12.observation-event.v1,M12.12.daily_observation_loop,M10-PA-002,突破后续跟进,ADBE,1d
,,未触发,2026-05-21T23:58:16Z,,,,false,当前K线未触发,m12.12.observation-event.v1,M12.12.daily_observation_loop,M10-PA-002,突破后续跟进,ADBE,1h
,,未触发,2026-05-21T23:58:16Z,,,,false,当前K线未触发,m12.12.observation-event.v1,M12.12.daily_observation_loop,M10-PA-002,突破后续跟进,ADBE,15m
,,未触发,2026-05-21T23:58:16Z,,,,false,当前K线未触发,m12.12.observation-event.v1,M12.12.daily_observation_loop,M10-PA-002,突破后续跟进,ADBE,5m
,,未触发,2026-05-21T23:58:16Z,,,,false,当前K线未触发,m12.12.observation-event.v1,M12.12.daily_observation_loop,M10-PA-012,开盘区间突破,ADBE,15m
,,未触发,2026-05-21T23:58:16Z,,,,false,当前K线未触发,m12.12.observation-event.v1,M12.12.daily_observation_loop,M10-PA-012,开盘区间突破,ADBE,5m
2026-05-21T16:00:00-04:00,short,今日候选,2026-05-21T23:58:16Z,243.38,247.95,234.24,false,needs_read_only_bar_close_review,m12.12.observation-event.v1,M12.12.daily_observation_loop,M12-FTD-001,方方土日线趋势顺势信号K,ADBE,1d
,,未触发,2026-05-21T23:58:16Z,,,,false,当前K线未触发,m12.12.observation-event.v1,M12.12.daily_observation_loop,M10-PA-001,趋势回调二次入场,NOW,1d
,,未触发,2026-05-21T23:58:16Z,,,,false,当前K线未触发,m12.12.observation-event.v1,M12.12.daily_observation_loop,M10-PA-001,趋势回调二次入场,NOW,1h
,,未触发,2026-05-21T23:58:16Z,,,,false,当前K线未触发,m12.12.observation-event.v1,M12.12.daily_observation_loop,M10-PA-001,趋势回调二次入场,NOW,15m
,,未触发,2026-05-21T23:58:16Z,,,,false,当前K线未触发,m12.12.observation-event.v1,M12.12.daily_observation_loop,M10-PA-001,趋势回调二次入场,NOW,5m
,,未触发,2026-05-21T23:58:16Z,,,,false,当前K线未触发,m12.12.observation-event.v1,M12.12.daily_observation_loop,M10-PA-002,突破后续跟进,NOW,1d
,,未触发,2026-05-21T23:58:16Z,,,,false,当前K线未触发,m12.12.observation-event.v1,M12.12.daily_observation_loop,M10-PA-002,突破后续跟进,NOW,1h
,,未触发,2026-05-21T23:58:16Z,,,,false,当前K线未触发,m12.12.observation-event.v1,M12.12.daily_observation_loop,M10-PA-002,突破后续跟进,NOW,15m
,,未触发,2026-05-21T23:58:16Z,,,,false,当前K线未触发,m12.12.observation-event.v1,M12.12.daily_observation_loop,M10-PA-002,突破后续跟进,NOW,5m
2026-05-21T10:55:00,long,今日候选,2026-05-21T23:58:16Z,101.1900,98.1100,103.8820,false,needs_read_only_bar_close_review,m12.12.observation-event.v1,M12.12.daily_observation_loop,M10-PA-012,开盘区间突破,NOW,15m
2026-05-21T10:45:00,long,今日候选,2026-05-21T23:58:16Z,100.9500,98.1100,103.6420,false,needs_read_only_bar_close_review,m12.12.observation-event.v1,M12.12.daily_observation_loop,M10-PA-012,开盘区间突破,NOW,5m
,,未触发,2026-05-21T23:58:16Z,,,,false,当前日线未触发,m12.12.observation-event.v1,M12.12.daily_observation_loop,M12-FTD-001,方方土日线趋势顺势信号K,NOW,1d
2026-05-21T16:00:00-04:00,short,今日候选,2026-05-21T23:58:16Z,161.9500,176.9800,131.8900,false,needs_read_only_bar_close_review,m12.12.observation-event.v1,M12.12.daily_observation_loop,M10-PA-001,趋势回调二次入场,SNOW,1d
,,未触发,2026-05-21T23:58:16Z,,,,false,当前K线未触发,m12.12.observation-event.v1,M12.12.daily_observation_loop,M10-PA-001,趋势回调二次入场,SNOW,1h
,,未触发,2026-05-21T23:58:16Z,,,,false,当前K线未触发,m12.12.observation-event.v1,M12.12.daily_observation_loop,M10-PA-001,趋势回调二次入场,SNOW,15m
2026-05-21T15:55:00,long,今日候选,2026-05-21T23:58:16Z,165.6900,163.7300,169.6100,false,needs_read_only_bar_close_review,m12.12.observation-event.v1,M12.12.daily_observation_loop,M10-PA-001,趋势回调二次入场,SNOW,5m
,,未触发,2026-05-21T23:58:16Z,,,,false,当前K线未触发,m12.12.observation-event.v1,M12.12.daily_observation_loop,M10-PA-002,突破后续跟进,SNOW,1d
,,未触发,2026-05-21T23:58:16Z,,,,false,当前K线未触发,m12.12.observation-event.v1,M12.12.daily_observation_loop,M10-PA-002,突破后续跟进,SNOW,1h
,,未触发,2026-05-21T23:58:16Z,,,,false,当前K线未触发,m12.12.observation-event.v1,M12.12.daily_observation_loop,M10-PA-002,突破后续跟进,SNOW,15m
2026-05-21T15:55:00,long,今日候选,2026-05-21T23:58:16Z,165.4900,165.0600,166.3500,false,needs_read_only_bar_close_review,m12.12.observation-event.v1,M12.12.daily_observation_loop,M10-PA-002,突破后续跟进,SNOW,5m
2026-05-21T10:10:00,long,今日候选,2026-05-21T23:58:16Z,164.2300,161.4800,166.9100,false,needs_read_only_bar_close_review,m12.12.observation-event.v1,M12.12.daily_observation_loop,M10-PA-012,开盘区间突破,SNOW,15m
2026-05-21T10:10:00,long,今日候选,2026-05-21T23:58:16Z,164.2300,161.4800,166.9100,false,needs_read_only_bar_close_review,m12.12.observation-event.v1,M12.12.daily_observation_loop,M10-PA-012,开盘区间突破,SNOW,5m
,,未触发,2026-05-21T23:58:16Z,,,,false,当前日线未触发,m12.12.observation-event.v1,M12.12.daily_observation_loop,M12-FTD-001,方方土日线趋势顺势信号K,SNOW,1d
,,未触发,2026-05-21T23:58:16Z,,,,false,当前K线未触发,m12.12.observation-event.v1,M12.12.daily_observation_loop,M10-PA-001,趋势回调二次入场,PLTR,1d
,,未触发,2026-05-21T23:58:16Z,,,,false,当前K线未触发,m12.12.observation-event.v1,M12.12.daily_observation_loop,M10-PA-001,趋势回调二次入场,PLTR,1h
,,未触发,2026-05-21T23:58:16Z,,,,false,当前K线未触发,m12.12.observation-event.v1,M12.12.daily_observation_loop,M10-PA-001,趋势回调二次入场,PLTR,15m
,,未触发,2026-05-21T23:58:16Z,,,,false,当前K线未触发,m12.12.observation-event.v1,M12.12.daily_observation_loop,M10-PA-001,趋势回调二次入场,PLTR,5m
,,未触发,2026-05-21T23:58:16Z,,,,false,当前K线未触发,m12.12.observation-event.v1,M12.12.daily_observation_loop,M10-PA-002,突破后续跟进,PLTR,1d
,,未触发,2026-05-21T23:58:16Z,,,,false,当前K线未触发,m12.12.observation-event.v1,M12.12.daily_observation_loop,M10-PA-002,突破后续跟进,PLTR,1h
,,未触发,2026-05-21T23:58:16Z,,,,false,当前K线未触发,m12.12.observation-event.v1,M12.12.daily_observation_loop,M10-PA-002,突破后续跟进,PLTR,15m
,,未触发,2026-05-21T23:58:16Z,,,,false,当前K线未触发,m12.12.observation-event.v1,M12.12.daily_observation_loop,M10-PA-002,突破后续跟进,PLTR,5m
2026-05-21T10:55:00,long,今日候选,2026-05-21T23:58:16Z,138.3300,135.4310,141.0690,false,needs_read_only_bar_close_review,m12.12.observation-event.v1,M12.12.daily_observation_loop,M10-PA-012,开盘区间突破,PLTR,15m
2026-05-21T10:45:00,long,今日候选,2026-05-21T23:58:16Z,138.2600,135.4310,140.9990,false,needs_read_only_bar_close_review,m12.12.observation-event.v1,M12.12.daily_observation_loop,M10-PA-012,开盘区间突破,PLTR,5m
2026-05-21T16:00:00-04:00,long,今日候选,2026-05-21T23:58:16Z,138.17,135.43,143.65,false,needs_read_only_bar_close_review,m12.12.observation-event.v1,M12.12.daily_observation_loop,M12-FTD-001,方方土日线趋势顺势信号K,PLTR,1d
,,未触发,2026-05-21T23:58:16Z,,,,false,当前K线未触发,m12.12.observation-event.v1,M12.12.daily_observation_loop,M10-PA-001,趋势回调二次入场,PANW,1d
,,未触发,2026-05-21T23:58:16Z,,,,false,当前K线未触发,m12.12.observation-event.v1,M12.12.daily_observation_loop,M10-PA-001,趋势回调二次入场,PANW,1h
,,未触发,2026-05-21T23:58:16Z,,,,false,当前K线未触发,m12.12.observation-event.v1,M12.12.daily_observation_loop,M10-PA-001,趋势回调二次入场,PANW,15m
2026-05-21T15:55:00,long,今日候选,2026-05-21T23:58:16Z,252.8000,250.9100,256.5800,false,needs_read_only_bar_close_review,m12.12.observation-event.v1,M12.12.daily_observation_loop,M10-PA-001,趋势回调二次入场,PANW,5m
2026-05-21T16:00:00-04:00,long,今日候选,2026-05-21T23:58:16Z,250.6050,241.0600,269.6950,false,needs_read_only_bar_close_review,m12.12.observation-event.v1,M12.12.daily_observation_loop,M10-PA-002,突破后续跟进,PANW,1d
,,未触发,2026-05-21T23:58:16Z,,,,false,当前K线未触发,m12.12.observation-event.v1,M12.12.daily_observation_loop,M10-PA-002,突破后续跟进,PANW,1h
2026-05-21T15:55:00,long,今日候选,2026-05-21T23:58:16Z,252.7700,251.2300,255.8500,false,needs_read_only_bar_close_review,m12.12.observation-event.v1,M12.12.daily_observation_loop,M10-PA-002,突破后续跟进,PANW,15m
2026-05-21T15:55:00,long,今日候选,2026-05-21T23:58:16Z,252.7700,252.1100,254.0900,false,needs_read_only_bar_close_review,m12.12.observation-event.v1,M12.12.daily_observation_loop,M10-PA-002,突破后续跟进,PANW,5m
2026-05-21T11:55:00,long,今日候选,2026-05-21T23:58:16Z,251.5800,241.0600,262.0200,false,needs_read_only_bar_close_review,m12.12.observation-event.v1,M12.12.daily_observation_loop,M10-PA-012,开盘区间突破,PANW,15m
2026-05-21T10:05:00,long,今日候选,2026-05-21T23:58:16Z,251.8000,241.0600,262.2400,false,needs_read_only_bar_close_review,m12.12.observation-event.v1,M12.12.daily_observation_loop,M10-PA-012,开盘区间突破,PANW,5m
2026-05-21T16:00:00-04:00,long,今日候选,2026-05-21T23:58:16Z,251.40,241.06,272.08,false,needs_read_only_bar_close_review,m12.12.observation-event.v1,M12.12.daily_observation_loop,M12-FTD-001,方方土日线趋势顺势信号K,PANW,1d
