bar_timestamp,current_reference_price,data_lineage,direction,distance_to_stop,distance_to_target,hypothetical_entry_price,hypothetical_quantity,hypothetical_stop_price,hypothetical_target_price,opportunity_status,review_status,risk_budget_usd,risk_level,simulated_unrealized_pnl,simulated_unrealized_return_percent,source_refs,strategy_id,strategy_title,symbol,timeframe
2026-06-01T11:40:00,758.16,derived_from_5m_current,看涨,3.47,1.21,757.2850,192.6782,754.6900,759.3650,已触发观察,等待收盘复核,500.00,低,168.59,0.17,raw:knowledge/raw/brooks/transcribed_v2/al_brooks_price_action_course_v2/units/video_048D_breakout_mode_opening_range.md;raw:knowledge/raw/brooks/transcribed_v2/al_brooks_price_action_course_v2/units/video_008C_candles_ttr_ii_ioi_breakout_mode.md;raw:knowledge/raw/brooks/transcribed_v2/al_brooks_price_action_course_v2/units/video_026A_triangles_ttr_wedges_flags_reversal_or_continuation.md,M10-PA-012,开盘区间突破,SPY,15m
2026-06-01T11:30:00,758.16,native_current_session_5m_cache,看涨,3.47,0.98,757.0600,210.9705,754.6900,759.1400,已触发观察,等待收盘复核,500.00,低,232.07,0.23,raw:knowledge/raw/brooks/transcribed_v2/al_brooks_price_action_course_v2/units/video_048D_breakout_mode_opening_range.md;raw:knowledge/raw/brooks/transcribed_v2/al_brooks_price_action_course_v2/units/video_008C_candles_ttr_ii_ioi_breakout_mode.md;raw:knowledge/raw/brooks/transcribed_v2/al_brooks_price_action_course_v2/units/video_026A_triangles_ttr_wedges_flags_reversal_or_continuation.md,M10-PA-012,开盘区间突破,SPY,5m
2026-06-01T15:55:00,742.41,native_current_session_5m_cache,看跌,0.36,0.72,742.4100,1388.8889,742.7700,741.6900,已触发观察,等待收盘复核,500.00,低,0.00,0.00,raw:knowledge/raw/brooks/transcribed_v2/al_brooks_price_action_course_v2/units/video_015D_breakouts_second_leg_traps_strong_breakouts.md;raw:knowledge/raw/brooks/transcribed_v2/al_brooks_price_action_course_v2/units/video_015A_breakouts_definition_80_rule_reversal_tr.md;raw:knowledge/raw/brooks/transcribed_v2/al_brooks_price_action_course_v2/units/video_015B_breakouts_follow_through_reversal_small_start.md;raw:knowledge/raw/youtube/fangfangtu/transcripts/Price_Action方方土.pdf;raw:knowledge/raw/youtube/fangfangtu/transcripts/Price_Action方方土.pdf;raw:knowledge/raw/notes/方方土视频笔记-突破.pdf;raw:knowledge/raw/notes/方方土视频笔记-突破.pdf,M10-PA-002,突破后续跟进,QQQ,5m
2026-06-01T11:25:00,742.41,derived_from_5m_current,看涨,6.16,1.99,740.5200,117.0960,736.2500,744.4000,已触发观察,等待收盘复核,500.00,中,221.31,0.22,raw:knowledge/raw/brooks/transcribed_v2/al_brooks_price_action_course_v2/units/video_048D_breakout_mode_opening_range.md;raw:knowledge/raw/brooks/transcribed_v2/al_brooks_price_action_course_v2/units/video_008C_candles_ttr_ii_ioi_breakout_mode.md;raw:knowledge/raw/brooks/transcribed_v2/al_brooks_price_action_course_v2/units/video_026A_triangles_ttr_wedges_flags_reversal_or_continuation.md,M10-PA-012,开盘区间突破,QQQ,15m
2026-06-01T11:20:00,742.41,native_current_session_5m_cache,看涨,6.16,1.93,740.4600,118.7648,736.2500,744.3400,已触发观察,等待收盘复核,500.00,中,231.59,0.23,raw:knowledge/raw/brooks/transcribed_v2/al_brooks_price_action_course_v2/units/video_048D_breakout_mode_opening_range.md;raw:knowledge/raw/brooks/transcribed_v2/al_brooks_price_action_course_v2/units/video_008C_candles_ttr_ii_ioi_breakout_mode.md;raw:knowledge/raw/brooks/transcribed_v2/al_brooks_price_action_course_v2/units/video_026A_triangles_ttr_wedges_flags_reversal_or_continuation.md,M10-PA-012,开盘区间突破,QQQ,5m
2026-06-01T10:40:00,288.97,derived_from_5m_current,看跌,-0.40,3.91,286.7200,270.2703,288.5700,285.0600,已触发观察,等待收盘复核,500.00,中,-608.11,-0.61,raw:knowledge/raw/brooks/transcribed_v2/al_brooks_price_action_course_v2/units/video_048D_breakout_mode_opening_range.md;raw:knowledge/raw/brooks/transcribed_v2/al_brooks_price_action_course_v2/units/video_008C_candles_ttr_ii_ioi_breakout_mode.md;raw:knowledge/raw/brooks/transcribed_v2/al_brooks_price_action_course_v2/units/video_026A_triangles_ttr_wedges_flags_reversal_or_continuation.md,M10-PA-012,开盘区间突破,IWM,15m
2026-06-01T10:30:00,288.97,native_current_session_5m_cache,看跌,-0.40,3.87,286.7600,276.2431,288.5700,285.1000,已触发观察,等待收盘复核,500.00,中,-610.50,-0.61,raw:knowledge/raw/brooks/transcribed_v2/al_brooks_price_action_course_v2/units/video_048D_breakout_mode_opening_range.md;raw:knowledge/raw/brooks/transcribed_v2/al_brooks_price_action_course_v2/units/video_008C_candles_ttr_ii_ioi_breakout_mode.md;raw:knowledge/raw/brooks/transcribed_v2/al_brooks_price_action_course_v2/units/video_026A_triangles_ttr_wedges_flags_reversal_or_continuation.md,M10-PA-012,开盘区间突破,IWM,5m
2026-06-01T16:00:00-04:00,287.95,native_daily_cache,看跌,0.45,1.17,287.86,925.9259,288.40,286.78,已触发观察,等待收盘复核,500.00,中,-83.33,-0.08,wiki:knowledge/wiki/sources/fangfangtu-market-cycle-note.md;raw:knowledge/raw/notes/方方土视频笔记 - 市场周期.pdf;wiki:knowledge/wiki/sources/fangfangtu-signal-bar-entry-note.md;raw:knowledge/raw/notes/方方土视频笔记 - 信号K线 & 入场.pdf,M12-FTD-001,方方土日线趋势顺势信号K,IWM,1d
2026-06-01T13:40:00,511.50,derived_from_5m_current,看涨,2.86,0.93,510.6400,250.0000,508.6400,512.4280,已触发观察,等待收盘复核,500.00,低,215.00,0.22,raw:knowledge/raw/brooks/transcribed_v2/al_brooks_price_action_course_v2/units/video_048D_breakout_mode_opening_range.md;raw:knowledge/raw/brooks/transcribed_v2/al_brooks_price_action_course_v2/units/video_008C_candles_ttr_ii_ioi_breakout_mode.md;raw:knowledge/raw/brooks/transcribed_v2/al_brooks_price_action_course_v2/units/video_026A_triangles_ttr_wedges_flags_reversal_or_continuation.md,M10-PA-012,开盘区间突破,DIA,15m
2026-06-01T10:00:00,511.50,native_current_session_5m_cache,看涨,2.86,0.72,510.4350,278.5515,508.6400,512.2230,已触发观察,等待收盘复核,500.00,低,296.66,0.30,raw:knowledge/raw/brooks/transcribed_v2/al_brooks_price_action_course_v2/units/video_048D_breakout_mode_opening_range.md;raw:knowledge/raw/brooks/transcribed_v2/al_brooks_price_action_course_v2/units/video_008C_candles_ttr_ii_ioi_breakout_mode.md;raw:knowledge/raw/brooks/transcribed_v2/al_brooks_price_action_course_v2/units/video_026A_triangles_ttr_wedges_flags_reversal_or_continuation.md,M10-PA-012,开盘区间突破,DIA,5m
2026-06-01T15:55:00,373.31,native_current_session_5m_cache,看跌,0.06,0.11,373.3100,9090.9091,373.3650,373.2000,已触发观察,等待收盘复核,500.00,低,0.00,0.00,raw:knowledge/raw/brooks/transcribed_v2/al_brooks_price_action_course_v2/units/video_015D_breakouts_second_leg_traps_strong_breakouts.md;raw:knowledge/raw/brooks/transcribed_v2/al_brooks_price_action_course_v2/units/video_015A_breakouts_definition_80_rule_reversal_tr.md;raw:knowledge/raw/brooks/transcribed_v2/al_brooks_price_action_course_v2/units/video_015B_breakouts_follow_through_reversal_small_start.md;raw:knowledge/raw/youtube/fangfangtu/transcripts/Price_Action方方土.pdf;raw:knowledge/raw/youtube/fangfangtu/transcripts/Price_Action方方土.pdf;raw:knowledge/raw/notes/方方土视频笔记-突破.pdf;raw:knowledge/raw/notes/方方土视频笔记-突破.pdf,M10-PA-002,突破后续跟进,VTI,5m
2026-06-01T11:40:00,373.31,derived_from_5m_current,看涨,1.83,0.65,372.9400,342.4658,371.4800,373.9600,已触发观察,等待收盘复核,500.00,低,126.71,0.13,raw:knowledge/raw/brooks/transcribed_v2/al_brooks_price_action_course_v2/units/video_048D_breakout_mode_opening_range.md;raw:knowledge/raw/brooks/transcribed_v2/al_brooks_price_action_course_v2/units/video_008C_candles_ttr_ii_ioi_breakout_mode.md;raw:knowledge/raw/brooks/transcribed_v2/al_brooks_price_action_course_v2/units/video_026A_triangles_ttr_wedges_flags_reversal_or_continuation.md,M10-PA-012,开盘区间突破,VTI,15m
2026-06-01T11:30:00,373.31,native_current_session_5m_cache,看涨,1.83,0.51,372.8000,378.7879,371.4800,373.8200,已触发观察,等待收盘复核,500.00,低,193.18,0.19,raw:knowledge/raw/brooks/transcribed_v2/al_brooks_price_action_course_v2/units/video_048D_breakout_mode_opening_range.md;raw:knowledge/raw/brooks/transcribed_v2/al_brooks_price_action_course_v2/units/video_008C_candles_ttr_ii_ioi_breakout_mode.md;raw:knowledge/raw/brooks/transcribed_v2/al_brooks_price_action_course_v2/units/video_026A_triangles_ttr_wedges_flags_reversal_or_continuation.md,M10-PA-012,开盘区间突破,VTI,5m
2026-06-01T15:55:00,697.06,native_current_session_5m_cache,看跌,0.11,0.21,697.0550,4761.9048,697.1600,696.8450,已触发观察,等待收盘复核,500.00,低,0.00,0.00,raw:knowledge/raw/brooks/transcribed_v2/al_brooks_price_action_course_v2/units/video_015D_breakouts_second_leg_traps_strong_breakouts.md;raw:knowledge/raw/brooks/transcribed_v2/al_brooks_price_action_course_v2/units/video_015A_breakouts_definition_80_rule_reversal_tr.md;raw:knowledge/raw/brooks/transcribed_v2/al_brooks_price_action_course_v2/units/video_015B_breakouts_follow_through_reversal_small_start.md;raw:knowledge/raw/youtube/fangfangtu/transcripts/Price_Action方方土.pdf;raw:knowledge/raw/youtube/fangfangtu/transcripts/Price_Action方方土.pdf;raw:knowledge/raw/notes/方方土视频笔记-突破.pdf;raw:knowledge/raw/notes/方方土视频笔记-突破.pdf,M10-PA-002,突破后续跟进,VOO,5m
2026-06-01T11:40:00,697.06,derived_from_5m_current,看涨,3.11,0.98,696.2200,220.2643,693.9500,698.0300,已触发观察,等待收盘复核,500.00,低,183.92,0.18,raw:knowledge/raw/brooks/transcribed_v2/al_brooks_price_action_course_v2/units/video_048D_breakout_mode_opening_range.md;raw:knowledge/raw/brooks/transcribed_v2/al_brooks_price_action_course_v2/units/video_008C_candles_ttr_ii_ioi_breakout_mode.md;raw:knowledge/raw/brooks/transcribed_v2/al_brooks_price_action_course_v2/units/video_026A_triangles_ttr_wedges_flags_reversal_or_continuation.md,M10-PA-012,开盘区间突破,VOO,15m
2026-06-01T11:30:00,697.06,native_current_session_5m_cache,看涨,3.11,0.79,696.0300,240.3846,693.9500,697.8400,已触发观察,等待收盘复核,500.00,低,246.39,0.25,raw:knowledge/raw/brooks/transcribed_v2/al_brooks_price_action_course_v2/units/video_048D_breakout_mode_opening_range.md;raw:knowledge/raw/brooks/transcribed_v2/al_brooks_price_action_course_v2/units/video_008C_candles_ttr_ii_ioi_breakout_mode.md;raw:knowledge/raw/brooks/transcribed_v2/al_brooks_price_action_course_v2/units/video_026A_triangles_ttr_wedges_flags_reversal_or_continuation.md,M10-PA-012,开盘区间突破,VOO,5m
2026-06-01T15:55:00,761.73,native_current_session_5m_cache,看跌,0.12,0.24,761.7300,4166.6667,761.8500,761.4900,已触发观察,等待收盘复核,500.00,低,0.00,0.00,raw:knowledge/raw/brooks/transcribed_v2/al_brooks_price_action_course_v2/units/video_015D_breakouts_second_leg_traps_strong_breakouts.md;raw:knowledge/raw/brooks/transcribed_v2/al_brooks_price_action_course_v2/units/video_015A_breakouts_definition_80_rule_reversal_tr.md;raw:knowledge/raw/brooks/transcribed_v2/al_brooks_price_action_course_v2/units/video_015B_breakouts_follow_through_reversal_small_start.md;raw:knowledge/raw/youtube/fangfangtu/transcripts/Price_Action方方土.pdf;raw:knowledge/raw/youtube/fangfangtu/transcripts/Price_Action方方土.pdf;raw:knowledge/raw/notes/方方土视频笔记-突破.pdf;raw:knowledge/raw/notes/方方土视频笔记-突破.pdf,M10-PA-002,突破后续跟进,IVV,5m
2026-06-01T11:40:00,761.73,derived_from_5m_current,看涨,3.38,1.06,760.8500,199.7603,758.3470,762.7930,已触发观察,等待收盘复核,500.00,低,175.79,0.18,raw:knowledge/raw/brooks/transcribed_v2/al_brooks_price_action_course_v2/units/video_048D_breakout_mode_opening_range.md;raw:knowledge/raw/brooks/transcribed_v2/al_brooks_price_action_course_v2/units/video_008C_candles_ttr_ii_ioi_breakout_mode.md;raw:knowledge/raw/brooks/transcribed_v2/al_brooks_price_action_course_v2/units/video_026A_triangles_ttr_wedges_flags_reversal_or_continuation.md,M10-PA-012,开盘区间突破,IVV,15m
2026-06-01T11:30:00,761.73,native_current_session_5m_cache,看涨,3.38,0.84,760.6300,219.0101,758.3470,762.5730,已触发观察,等待收盘复核,500.00,低,240.91,0.24,raw:knowledge/raw/brooks/transcribed_v2/al_brooks_price_action_course_v2/units/video_048D_breakout_mode_opening_range.md;raw:knowledge/raw/brooks/transcribed_v2/al_brooks_price_action_course_v2/units/video_008C_candles_ttr_ii_ioi_breakout_mode.md;raw:knowledge/raw/brooks/transcribed_v2/al_brooks_price_action_course_v2/units/video_026A_triangles_ttr_wedges_flags_reversal_or_continuation.md,M10-PA-012,开盘区间突破,IVV,5m
2026-06-01T16:00:00-04:00,191.92,native_daily_cache,看涨,17.97,37.95,192.5900,26.8240,173.9500,229.8700,观察名单,等待收盘复核,500.00,高,-17.97,-0.02,raw:knowledge/raw/brooks/transcribed_v2/al_brooks_price_action_course_v2/units/video_009A_pullbacks_bar_counting_basics_high_low_1_2.md;raw:knowledge/raw/brooks/transcribed_v2/al_brooks_price_action_course_v2/units/video_009C_pullbacks_endless_higher_lower_timeframes_countertrend_exit.md;raw:knowledge/raw/brooks/transcribed_v2/al_brooks_price_action_course_v2/units/video_014E_trends_tight_channel_small_pullback.md;raw:knowledge/raw/youtube/fangfangtu/transcripts/Price_Action方方土.pdf;raw:knowledge/raw/youtube/fangfangtu/transcripts/Price_Action方方土.pdf;raw:knowledge/raw/notes/方方土视频笔记 - 回调&数K线.pdf;raw:knowledge/raw/notes/方方土视频笔记 - 市场周期.pdf,M10-PA-001,趋势回调二次入场,XLK,1d
2026-06-01T10:55:00,195.60,derived_from_5m_current,看涨,4.45,1.39,194.0800,170.6485,191.1500,196.9900,已触发观察,等待收盘复核,500.00,高,259.39,0.26,raw:knowledge/raw/brooks/transcribed_v2/al_brooks_price_action_course_v2/units/video_048D_breakout_mode_opening_range.md;raw:knowledge/raw/brooks/transcribed_v2/al_brooks_price_action_course_v2/units/video_008C_candles_ttr_ii_ioi_breakout_mode.md;raw:knowledge/raw/brooks/transcribed_v2/al_brooks_price_action_course_v2/units/video_026A_triangles_ttr_wedges_flags_reversal_or_continuation.md,M10-PA-012,开盘区间突破,XLK,15m
2026-06-01T10:55:00,195.60,native_current_session_5m_cache,看涨,4.45,1.39,194.0800,170.6485,191.1500,196.9900,已触发观察,等待收盘复核,500.00,高,259.39,0.26,raw:knowledge/raw/brooks/transcribed_v2/al_brooks_price_action_course_v2/units/video_048D_breakout_mode_opening_range.md;raw:knowledge/raw/brooks/transcribed_v2/al_brooks_price_action_course_v2/units/video_008C_candles_ttr_ii_ioi_breakout_mode.md;raw:knowledge/raw/brooks/transcribed_v2/al_brooks_price_action_course_v2/units/video_026A_triangles_ttr_wedges_flags_reversal_or_continuation.md,M10-PA-012,开盘区间突破,XLK,5m
2026-06-01T10:00:00,51.46,native_current_session_5m_cache,看涨,0.26,0.42,51.5400,1466.2757,51.1990,51.8710,已触发观察,等待收盘复核,500.00,中,-124.63,-0.12,raw:knowledge/raw/brooks/transcribed_v2/al_brooks_price_action_course_v2/units/video_048D_breakout_mode_opening_range.md;raw:knowledge/raw/brooks/transcribed_v2/al_brooks_price_action_course_v2/units/video_008C_candles_ttr_ii_ioi_breakout_mode.md;raw:knowledge/raw/brooks/transcribed_v2/al_brooks_price_action_course_v2/units/video_026A_triangles_ttr_wedges_flags_reversal_or_continuation.md,M10-PA-012,开盘区间突破,XLF,5m
2026-06-01T10:25:00,57.23,derived_from_5m_current,看涨,0.36,1.20,57.6900,609.7561,56.8700,58.4300,已触发观察,等待收盘复核,500.00,中,-280.49,-0.28,raw:knowledge/raw/brooks/transcribed_v2/al_brooks_price_action_course_v2/units/video_048D_breakout_mode_opening_range.md;raw:knowledge/raw/brooks/transcribed_v2/al_brooks_price_action_course_v2/units/video_008C_candles_ttr_ii_ioi_breakout_mode.md;raw:knowledge/raw/brooks/transcribed_v2/al_brooks_price_action_course_v2/units/video_026A_triangles_ttr_wedges_flags_reversal_or_continuation.md,M10-PA-012,开盘区间突破,XLE,15m
2026-06-01T10:25:00,57.23,native_current_session_5m_cache,看涨,0.36,1.20,57.6900,609.7561,56.8700,58.4300,已触发观察,等待收盘复核,500.00,中,-280.49,-0.28,raw:knowledge/raw/brooks/transcribed_v2/al_brooks_price_action_course_v2/units/video_048D_breakout_mode_opening_range.md;raw:knowledge/raw/brooks/transcribed_v2/al_brooks_price_action_course_v2/units/video_008C_candles_ttr_ii_ioi_breakout_mode.md;raw:knowledge/raw/brooks/transcribed_v2/al_brooks_price_action_course_v2/units/video_026A_triangles_ttr_wedges_flags_reversal_or_continuation.md,M10-PA-012,开盘区间突破,XLE,5m
2026-06-01T10:25:00,147.66,derived_from_5m_current,看跌,1.22,1.36,147.5850,386.1004,148.8800,146.3050,已触发观察,等待收盘复核,500.00,中,-28.96,-0.03,raw:knowledge/raw/brooks/transcribed_v2/al_brooks_price_action_course_v2/units/video_048D_breakout_mode_opening_range.md;raw:knowledge/raw/brooks/transcribed_v2/al_brooks_price_action_course_v2/units/video_008C_candles_ttr_ii_ioi_breakout_mode.md;raw:knowledge/raw/brooks/transcribed_v2/al_brooks_price_action_course_v2/units/video_026A_triangles_ttr_wedges_flags_reversal_or_continuation.md,M10-PA-012,开盘区间突破,XLV,15m
2026-06-01T10:20:00,147.66,native_current_session_5m_cache,看跌,1.22,1.42,147.5200,367.6471,148.8800,146.2400,已触发观察,等待收盘复核,500.00,中,-51.47,-0.05,raw:knowledge/raw/brooks/transcribed_v2/al_brooks_price_action_course_v2/units/video_048D_breakout_mode_opening_range.md;raw:knowledge/raw/brooks/transcribed_v2/al_brooks_price_action_course_v2/units/video_008C_candles_ttr_ii_ioi_breakout_mode.md;raw:knowledge/raw/brooks/transcribed_v2/al_brooks_price_action_course_v2/units/video_026A_triangles_ttr_wedges_flags_reversal_or_continuation.md,M10-PA-012,开盘区间突破,XLV,5m
2026-06-01T10:40:00,118.30,derived_from_5m_current,看跌,1.53,1.10,118.3850,346.5003,119.8280,117.1970,已触发观察,等待收盘复核,500.00,中,31.19,0.03,raw:knowledge/raw/brooks/transcribed_v2/al_brooks_price_action_course_v2/units/video_048D_breakout_mode_opening_range.md;raw:knowledge/raw/brooks/transcribed_v2/al_brooks_price_action_course_v2/units/video_008C_candles_ttr_ii_ioi_breakout_mode.md;raw:knowledge/raw/brooks/transcribed_v2/al_brooks_price_action_course_v2/units/video_026A_triangles_ttr_wedges_flags_reversal_or_continuation.md,M10-PA-012,开盘区间突破,XLY,15m
2026-06-01T10:30:00,118.30,native_current_session_5m_cache,看跌,1.53,1.12,118.3600,340.5995,119.8280,117.1720,已触发观察,等待收盘复核,500.00,中,22.14,0.02,raw:knowledge/raw/brooks/transcribed_v2/al_brooks_price_action_course_v2/units/video_048D_breakout_mode_opening_range.md;raw:knowledge/raw/brooks/transcribed_v2/al_brooks_price_action_course_v2/units/video_008C_candles_ttr_ii_ioi_breakout_mode.md;raw:knowledge/raw/brooks/transcribed_v2/al_brooks_price_action_course_v2/units/video_026A_triangles_ttr_wedges_flags_reversal_or_continuation.md,M10-PA-012,开盘区间突破,XLY,5m
2026-06-01T16:00:00-04:00,119.23,native_daily_cache,看跌,0.60,1.83,119.02,617.2840,119.83,117.40,已触发观察,等待收盘复核,500.00,中,-129.63,-0.13,wiki:knowledge/wiki/sources/fangfangtu-market-cycle-note.md;raw:knowledge/raw/notes/方方土视频笔记 - 市场周期.pdf;wiki:knowledge/wiki/sources/fangfangtu-signal-bar-entry-note.md;raw:knowledge/raw/notes/方方土视频笔记 - 信号K线 & 入场.pdf,M12-FTD-001,方方土日线趋势顺势信号K,XLY,1d
2026-06-01T10:40:00,172.40,derived_from_5m_current,看跌,-0.39,2.37,170.8500,431.0345,172.0100,170.0300,已触发观察,等待收盘复核,500.00,中,-668.10,-0.67,raw:knowledge/raw/brooks/transcribed_v2/al_brooks_price_action_course_v2/units/video_048D_breakout_mode_opening_range.md;raw:knowledge/raw/brooks/transcribed_v2/al_brooks_price_action_course_v2/units/video_008C_candles_ttr_ii_ioi_breakout_mode.md;raw:knowledge/raw/brooks/transcribed_v2/al_brooks_price_action_course_v2/units/video_026A_triangles_ttr_wedges_flags_reversal_or_continuation.md,M10-PA-012,开盘区间突破,XLI,15m
2026-06-01T10:20:00,172.40,native_current_session_5m_cache,看跌,-0.39,2.13,171.0860,541.1255,172.0100,170.2660,已触发观察,等待收盘复核,500.00,中,-711.04,-0.71,raw:knowledge/raw/brooks/transcribed_v2/al_brooks_price_action_course_v2/units/video_048D_breakout_mode_opening_range.md;raw:knowledge/raw/brooks/transcribed_v2/al_brooks_price_action_course_v2/units/video_008C_candles_ttr_ii_ioi_breakout_mode.md;raw:knowledge/raw/brooks/transcribed_v2/al_brooks_price_action_course_v2/units/video_026A_triangles_ttr_wedges_flags_reversal_or_continuation.md,M10-PA-012,开盘区间突破,XLI,5m
2026-06-01T10:55:00,81.97,derived_from_5m_current,看跌,0.67,0.62,81.9600,740.7407,82.6350,81.3450,已触发观察,等待收盘复核,500.00,中,-3.70,-0.00,raw:knowledge/raw/brooks/transcribed_v2/al_brooks_price_action_course_v2/units/video_048D_breakout_mode_opening_range.md;raw:knowledge/raw/brooks/transcribed_v2/al_brooks_price_action_course_v2/units/video_008C_candles_ttr_ii_ioi_breakout_mode.md;raw:knowledge/raw/brooks/transcribed_v2/al_brooks_price_action_course_v2/units/video_026A_triangles_ttr_wedges_flags_reversal_or_continuation.md,M10-PA-012,开盘区间突破,XLP,15m
2026-06-01T10:50:00,81.97,native_current_session_5m_cache,看跌,0.67,0.60,81.9850,769.2308,82.6350,81.3700,已触发观察,等待收盘复核,500.00,中,15.38,0.02,raw:knowledge/raw/brooks/transcribed_v2/al_brooks_price_action_course_v2/units/video_048D_breakout_mode_opening_range.md;raw:knowledge/raw/brooks/transcribed_v2/al_brooks_price_action_course_v2/units/video_008C_candles_ttr_ii_ioi_breakout_mode.md;raw:knowledge/raw/brooks/transcribed_v2/al_brooks_price_action_course_v2/units/video_026A_triangles_ttr_wedges_flags_reversal_or_continuation.md,M10-PA-012,开盘区间突破,XLP,5m
2026-06-01T16:00:00-04:00,43.82,native_daily_cache,看跌,1.82,3.67,43.8050,273.2240,45.6350,40.1450,观察名单,等待收盘复核,500.00,高,-3.28,-0.00,raw:knowledge/raw/brooks/transcribed_v2/al_brooks_price_action_course_v2/units/video_009A_pullbacks_bar_counting_basics_high_low_1_2.md;raw:knowledge/raw/brooks/transcribed_v2/al_brooks_price_action_course_v2/units/video_009C_pullbacks_endless_higher_lower_timeframes_countertrend_exit.md;raw:knowledge/raw/brooks/transcribed_v2/al_brooks_price_action_course_v2/units/video_014E_trends_tight_channel_small_pullback.md;raw:knowledge/raw/youtube/fangfangtu/transcripts/Price_Action方方土.pdf;raw:knowledge/raw/youtube/fangfangtu/transcripts/Price_Action方方土.pdf;raw:knowledge/raw/notes/方方土视频笔记 - 回调&数K线.pdf;raw:knowledge/raw/notes/方方土视频笔记 - 市场周期.pdf,M10-PA-001,趋势回调二次入场,XLU,1d
2026-06-01T11:10:00,43.15,derived_from_5m_current,看跌,0.82,0.02,43.5300,1162.7907,43.9600,43.1300,已触发观察,等待收盘复核,500.00,中,447.67,0.45,raw:knowledge/raw/brooks/transcribed_v2/al_brooks_price_action_course_v2/units/video_048D_breakout_mode_opening_range.md;raw:knowledge/raw/brooks/transcribed_v2/al_brooks_price_action_course_v2/units/video_008C_candles_ttr_ii_ioi_breakout_mode.md;raw:knowledge/raw/brooks/transcribed_v2/al_brooks_price_action_course_v2/units/video_026A_triangles_ttr_wedges_flags_reversal_or_continuation.md,M10-PA-012,开盘区间突破,XLU,15m
2026-06-01T10:30:00,43.15,native_current_session_5m_cache,看跌,0.82,-0.01,43.5500,1219.5122,43.9600,43.1500,已触发观察,等待收盘复核,500.00,中,493.90,0.49,raw:knowledge/raw/brooks/transcribed_v2/al_brooks_price_action_course_v2/units/video_048D_breakout_mode_opening_range.md;raw:knowledge/raw/brooks/transcribed_v2/al_brooks_price_action_course_v2/units/video_008C_candles_ttr_ii_ioi_breakout_mode.md;raw:knowledge/raw/brooks/transcribed_v2/al_brooks_price_action_course_v2/units/video_026A_triangles_ttr_wedges_flags_reversal_or_continuation.md,M10-PA-012,开盘区间突破,XLU,5m
2026-06-01T16:00:00-04:00,43.82,native_daily_cache,看跌,0.14,0.32,43.81,3125.0000,43.96,43.50,已触发观察,等待收盘复核,500.00,中,-21.88,-0.02,wiki:knowledge/wiki/sources/fangfangtu-market-cycle-note.md;raw:knowledge/raw/notes/方方土视频笔记 - 市场周期.pdf;wiki:knowledge/wiki/sources/fangfangtu-signal-bar-entry-note.md;raw:knowledge/raw/notes/方方土视频笔记 - 信号K线 & 入场.pdf,M12-FTD-001,方方土日线趋势顺势信号K,XLU,1d
2026-06-01T15:55:00,115.68,native_current_session_5m_cache,看跌,0.07,0.13,115.6750,7692.3077,115.7400,115.5450,已触发观察,等待收盘复核,500.00,低,0.00,0.00,raw:knowledge/raw/brooks/transcribed_v2/al_brooks_price_action_course_v2/units/video_015D_breakouts_second_leg_traps_strong_breakouts.md;raw:knowledge/raw/brooks/transcribed_v2/al_brooks_price_action_course_v2/units/video_015A_breakouts_definition_80_rule_reversal_tr.md;raw:knowledge/raw/brooks/transcribed_v2/al_brooks_price_action_course_v2/units/video_015B_breakouts_follow_through_reversal_small_start.md;raw:knowledge/raw/youtube/fangfangtu/transcripts/Price_Action方方土.pdf;raw:knowledge/raw/youtube/fangfangtu/transcripts/Price_Action方方土.pdf;raw:knowledge/raw/notes/方方土视频笔记-突破.pdf;raw:knowledge/raw/notes/方方土视频笔记-突破.pdf,M10-PA-002,突破后续跟进,XLC,5m
2026-06-01T10:25:00,115.68,derived_from_5m_current,看跌,0.25,1.64,114.9200,500.0000,115.9200,114.0400,已触发观察,等待收盘复核,500.00,中,-377.50,-0.38,raw:knowledge/raw/brooks/transcribed_v2/al_brooks_price_action_course_v2/units/video_048D_breakout_mode_opening_range.md;raw:knowledge/raw/brooks/transcribed_v2/al_brooks_price_action_course_v2/units/video_008C_candles_ttr_ii_ioi_breakout_mode.md;raw:knowledge/raw/brooks/transcribed_v2/al_brooks_price_action_course_v2/units/video_026A_triangles_ttr_wedges_flags_reversal_or_continuation.md,M10-PA-012,开盘区间突破,XLC,15m
2026-06-01T10:20:00,115.68,native_current_session_5m_cache,看跌,0.25,1.66,114.9000,490.1961,115.9200,114.0200,已触发观察,等待收盘复核,500.00,中,-379.90,-0.38,raw:knowledge/raw/brooks/transcribed_v2/al_brooks_price_action_course_v2/units/video_048D_breakout_mode_opening_range.md;raw:knowledge/raw/brooks/transcribed_v2/al_brooks_price_action_course_v2/units/video_008C_candles_ttr_ii_ioi_breakout_mode.md;raw:knowledge/raw/brooks/transcribed_v2/al_brooks_price_action_course_v2/units/video_026A_triangles_ttr_wedges_flags_reversal_or_continuation.md,M10-PA-012,开盘区间突破,XLC,5m
2026-06-01T10:40:00,50.90,derived_from_5m_current,看跌,-0.16,1.03,50.3050,1149.4253,50.7400,49.8750,已触发观察,等待收盘复核,500.00,中,-683.91,-0.68,raw:knowledge/raw/brooks/transcribed_v2/al_brooks_price_action_course_v2/units/video_048D_breakout_mode_opening_range.md;raw:knowledge/raw/brooks/transcribed_v2/al_brooks_price_action_course_v2/units/video_008C_candles_ttr_ii_ioi_breakout_mode.md;raw:knowledge/raw/brooks/transcribed_v2/al_brooks_price_action_course_v2/units/video_026A_triangles_ttr_wedges_flags_reversal_or_continuation.md,M10-PA-012,开盘区间突破,XLB,15m
2026-06-01T10:40:00,50.90,native_current_session_5m_cache,看跌,-0.16,1.03,50.3050,1149.4253,50.7400,49.8750,已触发观察,等待收盘复核,500.00,中,-683.91,-0.68,raw:knowledge/raw/brooks/transcribed_v2/al_brooks_price_action_course_v2/units/video_048D_breakout_mode_opening_range.md;raw:knowledge/raw/brooks/transcribed_v2/al_brooks_price_action_course_v2/units/video_008C_candles_ttr_ii_ioi_breakout_mode.md;raw:knowledge/raw/brooks/transcribed_v2/al_brooks_price_action_course_v2/units/video_026A_triangles_ttr_wedges_flags_reversal_or_continuation.md,M10-PA-012,开盘区间突破,XLB,5m
2026-06-01T16:00:00-04:00,50.55,native_daily_cache,看跌,0.19,0.42,50.54,2380.9524,50.74,50.13,已触发观察,等待收盘复核,500.00,中,-23.81,-0.02,wiki:knowledge/wiki/sources/fangfangtu-market-cycle-note.md;raw:knowledge/raw/notes/方方土视频笔记 - 市场周期.pdf;wiki:knowledge/wiki/sources/fangfangtu-signal-bar-entry-note.md;raw:knowledge/raw/notes/方方土视频笔记 - 信号K线 & 入场.pdf,M12-FTD-001,方方土日线趋势顺势信号K,XLB,1d
2026-06-01T11:10:00,607.02,derived_from_5m_current,看涨,13.77,8.22,604.4550,44.6229,593.2500,615.2350,已触发观察,等待收盘复核,500.00,高,114.46,0.11,raw:knowledge/raw/brooks/transcribed_v2/al_brooks_price_action_course_v2/units/video_048D_breakout_mode_opening_range.md;raw:knowledge/raw/brooks/transcribed_v2/al_brooks_price_action_course_v2/units/video_008C_candles_ttr_ii_ioi_breakout_mode.md;raw:knowledge/raw/brooks/transcribed_v2/al_brooks_price_action_course_v2/units/video_026A_triangles_ttr_wedges_flags_reversal_or_continuation.md,M10-PA-012,开盘区间突破,SMH,15m
2026-06-01T10:30:00,607.02,native_current_session_5m_cache,看涨,13.77,8.10,604.3400,45.0857,593.2500,615.1200,已触发观察,等待收盘复核,500.00,高,120.83,0.12,raw:knowledge/raw/brooks/transcribed_v2/al_brooks_price_action_course_v2/units/video_048D_breakout_mode_opening_range.md;raw:knowledge/raw/brooks/transcribed_v2/al_brooks_price_action_course_v2/units/video_008C_candles_ttr_ii_ioi_breakout_mode.md;raw:knowledge/raw/brooks/transcribed_v2/al_brooks_price_action_course_v2/units/video_026A_triangles_ttr_wedges_flags_reversal_or_continuation.md,M10-PA-012,开盘区间突破,SMH,5m
2026-06-01T11:25:00,570.79,derived_from_5m_current,看涨,12.89,14.51,572.2700,34.8068,557.9050,585.2950,已触发观察,等待收盘复核,500.00,高,-51.51,-0.05,raw:knowledge/raw/brooks/transcribed_v2/al_brooks_price_action_course_v2/units/video_048D_breakout_mode_opening_range.md;raw:knowledge/raw/brooks/transcribed_v2/al_brooks_price_action_course_v2/units/video_008C_candles_ttr_ii_ioi_breakout_mode.md;raw:knowledge/raw/brooks/transcribed_v2/al_brooks_price_action_course_v2/units/video_026A_triangles_ttr_wedges_flags_reversal_or_continuation.md,M10-PA-012,开盘区间突破,SOXX,15m
2026-06-01T11:15:00,570.79,native_current_session_5m_cache,看涨,12.89,13.21,570.9700,38.2702,557.9050,583.9950,已触发观察,等待收盘复核,500.00,高,-6.89,-0.01,raw:knowledge/raw/brooks/transcribed_v2/al_brooks_price_action_course_v2/units/video_048D_breakout_mode_opening_range.md;raw:knowledge/raw/brooks/transcribed_v2/al_brooks_price_action_course_v2/units/video_008C_candles_ttr_ii_ioi_breakout_mode.md;raw:knowledge/raw/brooks/transcribed_v2/al_brooks_price_action_course_v2/units/video_026A_triangles_ttr_wedges_flags_reversal_or_continuation.md,M10-PA-012,开盘区间突破,SOXX,5m
2026-06-01T15:55:00,85.95,native_current_session_5m_cache,看跌,0.13,0.25,85.9450,4000.0000,86.0700,85.6950,已触发观察,等待收盘复核,500.00,低,0.00,0.00,raw:knowledge/raw/brooks/transcribed_v2/al_brooks_price_action_course_v2/units/video_015D_breakouts_second_leg_traps_strong_breakouts.md;raw:knowledge/raw/brooks/transcribed_v2/al_brooks_price_action_course_v2/units/video_015A_breakouts_definition_80_rule_reversal_tr.md;raw:knowledge/raw/brooks/transcribed_v2/al_brooks_price_action_course_v2/units/video_015B_breakouts_follow_through_reversal_small_start.md;raw:knowledge/raw/youtube/fangfangtu/transcripts/Price_Action方方土.pdf;raw:knowledge/raw/youtube/fangfangtu/transcripts/Price_Action方方土.pdf;raw:knowledge/raw/notes/方方土视频笔记-突破.pdf;raw:knowledge/raw/notes/方方土视频笔记-突破.pdf,M10-PA-002,突破后续跟进,TQQQ,5m
2026-06-01T11:25:00,85.95,derived_from_5m_current,看涨,2.11,0.73,85.3350,333.3333,83.8350,86.6700,已触发观察,等待收盘复核,500.00,高,203.33,0.20,raw:knowledge/raw/brooks/transcribed_v2/al_brooks_price_action_course_v2/units/video_048D_breakout_mode_opening_range.md;raw:knowledge/raw/brooks/transcribed_v2/al_brooks_price_action_course_v2/units/video_008C_candles_ttr_ii_ioi_breakout_mode.md;raw:knowledge/raw/brooks/transcribed_v2/al_brooks_price_action_course_v2/units/video_026A_triangles_ttr_wedges_flags_reversal_or_continuation.md,M10-PA-012,开盘区间突破,TQQQ,15m
2026-06-01T11:15:00,85.95,native_current_session_5m_cache,看涨,2.11,0.57,85.1750,373.1343,83.8350,86.5100,已触发观察,等待收盘复核,500.00,高,287.31,0.29,raw:knowledge/raw/brooks/transcribed_v2/al_brooks_price_action_course_v2/units/video_048D_breakout_mode_opening_range.md;raw:knowledge/raw/brooks/transcribed_v2/al_brooks_price_action_course_v2/units/video_008C_candles_ttr_ii_ioi_breakout_mode.md;raw:knowledge/raw/brooks/transcribed_v2/al_brooks_price_action_course_v2/units/video_026A_triangles_ttr_wedges_flags_reversal_or_continuation.md,M10-PA-012,开盘区间突破,TQQQ,5m
2026-06-01T15:55:00,37.46,native_current_session_5m_cache,看涨,0.05,0.10,37.4600,10000.0000,37.4100,37.5600,已触发观察,等待收盘复核,500.00,低,0.00,0.00,raw:knowledge/raw/brooks/transcribed_v2/al_brooks_price_action_course_v2/units/video_015D_breakouts_second_leg_traps_strong_breakouts.md;raw:knowledge/raw/brooks/transcribed_v2/al_brooks_price_action_course_v2/units/video_015A_breakouts_definition_80_rule_reversal_tr.md;raw:knowledge/raw/brooks/transcribed_v2/al_brooks_price_action_course_v2/units/video_015B_breakouts_follow_through_reversal_small_start.md;raw:knowledge/raw/youtube/fangfangtu/transcripts/Price_Action方方土.pdf;raw:knowledge/raw/youtube/fangfangtu/transcripts/Price_Action方方土.pdf;raw:knowledge/raw/notes/方方土视频笔记-突破.pdf;raw:knowledge/raw/notes/方方土视频笔记-突破.pdf,M10-PA-002,突破后续跟进,SQQQ,5m
2026-06-01T11:25:00,37.46,derived_from_5m_current,看跌,0.96,0.32,37.7500,746.2687,38.4200,37.1450,已触发观察,等待收盘复核,500.00,高,216.42,0.22,raw:knowledge/raw/brooks/transcribed_v2/al_brooks_price_action_course_v2/units/video_048D_breakout_mode_opening_range.md;raw:knowledge/raw/brooks/transcribed_v2/al_brooks_price_action_course_v2/units/video_008C_candles_ttr_ii_ioi_breakout_mode.md;raw:knowledge/raw/brooks/transcribed_v2/al_brooks_price_action_course_v2/units/video_026A_triangles_ttr_wedges_flags_reversal_or_continuation.md,M10-PA-012,开盘区间突破,SQQQ,15m
2026-06-01T11:20:00,37.46,native_current_session_5m_cache,看跌,0.96,0.30,37.7650,763.3588,38.4200,37.1600,已触发观察,等待收盘复核,500.00,高,232.82,0.23,raw:knowledge/raw/brooks/transcribed_v2/al_brooks_price_action_course_v2/units/video_048D_breakout_mode_opening_range.md;raw:knowledge/raw/brooks/transcribed_v2/al_brooks_price_action_course_v2/units/video_008C_candles_ttr_ii_ioi_breakout_mode.md;raw:knowledge/raw/brooks/transcribed_v2/al_brooks_price_action_course_v2/units/video_026A_triangles_ttr_wedges_flags_reversal_or_continuation.md,M10-PA-012,开盘区间突破,SQQQ,5m
2026-06-01T16:00:00-04:00,410.01,native_daily_cache,看跌,11.81,25.75,409.3000,39.9361,421.8200,384.2600,观察名单,等待收盘复核,500.00,高,-28.35,-0.03,raw:knowledge/raw/brooks/transcribed_v2/al_brooks_price_action_course_v2/units/video_009A_pullbacks_bar_counting_basics_high_low_1_2.md;raw:knowledge/raw/brooks/transcribed_v2/al_brooks_price_action_course_v2/units/video_009C_pullbacks_endless_higher_lower_timeframes_countertrend_exit.md;raw:knowledge/raw/brooks/transcribed_v2/al_brooks_price_action_course_v2/units/video_014E_trends_tight_channel_small_pullback.md;raw:knowledge/raw/youtube/fangfangtu/transcripts/Price_Action方方土.pdf;raw:knowledge/raw/youtube/fangfangtu/transcripts/Price_Action方方土.pdf;raw:knowledge/raw/notes/方方土视频笔记 - 回调&数K线.pdf;raw:knowledge/raw/notes/方方土视频笔记 - 市场周期.pdf,M10-PA-001,趋势回调二次入场,GLD,1d
2026-06-01T12:55:00,411.22,derived_from_5m_current,看涨,2.92,2.73,411.1900,173.0104,408.3000,413.9500,已触发观察,等待收盘复核,500.00,中,5.19,0.01,raw:knowledge/raw/brooks/transcribed_v2/al_brooks_price_action_course_v2/units/video_048D_breakout_mode_opening_range.md;raw:knowledge/raw/brooks/transcribed_v2/al_brooks_price_action_course_v2/units/video_008C_candles_ttr_ii_ioi_breakout_mode.md;raw:knowledge/raw/brooks/transcribed_v2/al_brooks_price_action_course_v2/units/video_026A_triangles_ttr_wedges_flags_reversal_or_continuation.md,M10-PA-012,开盘区间突破,GLD,15m
2026-06-01T12:50:00,411.22,native_current_session_5m_cache,看涨,2.92,2.78,411.2400,170.0680,408.3000,414.0000,已触发观察,等待收盘复核,500.00,中,-3.40,-0.00,raw:knowledge/raw/brooks/transcribed_v2/al_brooks_price_action_course_v2/units/video_048D_breakout_mode_opening_range.md;raw:knowledge/raw/brooks/transcribed_v2/al_brooks_price_action_course_v2/units/video_008C_candles_ttr_ii_ioi_breakout_mode.md;raw:knowledge/raw/brooks/transcribed_v2/al_brooks_price_action_course_v2/units/video_026A_triangles_ttr_wedges_flags_reversal_or_continuation.md,M10-PA-012,开盘区间突破,GLD,5m
2026-06-01T11:40:00,67.67,derived_from_5m_current,看涨,0.85,1.01,67.7900,512.8205,66.8150,68.6750,已触发观察,等待收盘复核,500.00,中,-64.10,-0.06,raw:knowledge/raw/brooks/transcribed_v2/al_brooks_price_action_course_v2/units/video_048D_breakout_mode_opening_range.md;raw:knowledge/raw/brooks/transcribed_v2/al_brooks_price_action_course_v2/units/video_008C_candles_ttr_ii_ioi_breakout_mode.md;raw:knowledge/raw/brooks/transcribed_v2/al_brooks_price_action_course_v2/units/video_026A_triangles_ttr_wedges_flags_reversal_or_continuation.md,M10-PA-012,开盘区间突破,SLV,15m
2026-06-01T11:30:00,67.67,native_current_session_5m_cache,看涨,0.85,1.15,67.9290,448.8330,66.8150,68.8140,已触发观察,等待收盘复核,500.00,高,-118.49,-0.12,raw:knowledge/raw/brooks/transcribed_v2/al_brooks_price_action_course_v2/units/video_048D_breakout_mode_opening_range.md;raw:knowledge/raw/brooks/transcribed_v2/al_brooks_price_action_course_v2/units/video_008C_candles_ttr_ii_ioi_breakout_mode.md;raw:knowledge/raw/brooks/transcribed_v2/al_brooks_price_action_course_v2/units/video_026A_triangles_ttr_wedges_flags_reversal_or_continuation.md,M10-PA-012,开盘区间突破,SLV,5m
2026-06-01T16:00:00-04:00,135.13,native_daily_cache,看涨,8.58,19.44,135.8900,53.5332,126.5500,154.5700,观察名单,等待收盘复核,500.00,高,-40.69,-0.04,raw:knowledge/raw/brooks/transcribed_v2/al_brooks_price_action_course_v2/units/video_009A_pullbacks_bar_counting_basics_high_low_1_2.md;raw:knowledge/raw/brooks/transcribed_v2/al_brooks_price_action_course_v2/units/video_009C_pullbacks_endless_higher_lower_timeframes_countertrend_exit.md;raw:knowledge/raw/brooks/transcribed_v2/al_brooks_price_action_course_v2/units/video_014E_trends_tight_channel_small_pullback.md;raw:knowledge/raw/youtube/fangfangtu/transcripts/Price_Action方方土.pdf;raw:knowledge/raw/youtube/fangfangtu/transcripts/Price_Action方方土.pdf;raw:knowledge/raw/notes/方方土视频笔记 - 回调&数K线.pdf;raw:knowledge/raw/notes/方方土视频笔记 - 市场周期.pdf,M10-PA-001,趋势回调二次入场,USO,1d
2026-06-01T10:25:00,135.59,derived_from_5m_current,看涨,0.58,5.60,138.1100,161.2903,135.0100,141.1900,已触发观察,等待收盘复核,500.00,高,-406.45,-0.41,raw:knowledge/raw/brooks/transcribed_v2/al_brooks_price_action_course_v2/units/video_048D_breakout_mode_opening_range.md;raw:knowledge/raw/brooks/transcribed_v2/al_brooks_price_action_course_v2/units/video_008C_candles_ttr_ii_ioi_breakout_mode.md;raw:knowledge/raw/brooks/transcribed_v2/al_brooks_price_action_course_v2/units/video_026A_triangles_ttr_wedges_flags_reversal_or_continuation.md,M10-PA-012,开盘区间突破,USO,15m
2026-06-01T10:25:00,135.59,native_current_session_5m_cache,看涨,0.58,5.60,138.1100,161.2903,135.0100,141.1900,已触发观察,等待收盘复核,500.00,高,-406.45,-0.41,raw:knowledge/raw/brooks/transcribed_v2/al_brooks_price_action_course_v2/units/video_048D_breakout_mode_opening_range.md;raw:knowledge/raw/brooks/transcribed_v2/al_brooks_price_action_course_v2/units/video_008C_candles_ttr_ii_ioi_breakout_mode.md;raw:knowledge/raw/brooks/transcribed_v2/al_brooks_price_action_course_v2/units/video_026A_triangles_ttr_wedges_flags_reversal_or_continuation.md,M10-PA-012,开盘区间突破,USO,5m
2026-06-01T16:00:00-04:00,84.90,native_daily_cache,看跌,1.06,2.20,84.8750,460.8295,85.9600,82.7050,观察名单,等待收盘复核,500.00,中,-11.98,-0.01,raw:knowledge/raw/brooks/transcribed_v2/al_brooks_price_action_course_v2/units/video_009A_pullbacks_bar_counting_basics_high_low_1_2.md;raw:knowledge/raw/brooks/transcribed_v2/al_brooks_price_action_course_v2/units/video_009C_pullbacks_endless_higher_lower_timeframes_countertrend_exit.md;raw:knowledge/raw/brooks/transcribed_v2/al_brooks_price_action_course_v2/units/video_014E_trends_tight_channel_small_pullback.md;raw:knowledge/raw/youtube/fangfangtu/transcripts/Price_Action方方土.pdf;raw:knowledge/raw/youtube/fangfangtu/transcripts/Price_Action方方土.pdf;raw:knowledge/raw/notes/方方土视频笔记 - 回调&数K线.pdf;raw:knowledge/raw/notes/方方土视频笔记 - 市场周期.pdf,M10-PA-001,趋势回调二次入场,TLT,1d
2026-06-01T10:55:00,85.40,derived_from_5m_current,看跌,-0.37,0.73,84.8400,2590.6736,85.0330,84.6670,已触发观察,等待收盘复核,500.00,低,-1450.78,-1.45,raw:knowledge/raw/brooks/transcribed_v2/al_brooks_price_action_course_v2/units/video_048D_breakout_mode_opening_range.md;raw:knowledge/raw/brooks/transcribed_v2/al_brooks_price_action_course_v2/units/video_008C_candles_ttr_ii_ioi_breakout_mode.md;raw:knowledge/raw/brooks/transcribed_v2/al_brooks_price_action_course_v2/units/video_026A_triangles_ttr_wedges_flags_reversal_or_continuation.md,M10-PA-012,开盘区间突破,TLT,15m
2026-06-01T10:15:00,85.40,native_current_session_5m_cache,看跌,-0.37,0.72,84.8500,2732.2404,85.0330,84.6770,已触发观察,等待收盘复核,500.00,低,-1502.73,-1.50,raw:knowledge/raw/brooks/transcribed_v2/al_brooks_price_action_course_v2/units/video_048D_breakout_mode_opening_range.md;raw:knowledge/raw/brooks/transcribed_v2/al_brooks_price_action_course_v2/units/video_008C_candles_ttr_ii_ioi_breakout_mode.md;raw:knowledge/raw/brooks/transcribed_v2/al_brooks_price_action_course_v2/units/video_026A_triangles_ttr_wedges_flags_reversal_or_continuation.md,M10-PA-012,开盘区间突破,TLT,5m
2026-06-01T10:40:00,79.82,derived_from_5m_current,看跌,0.02,0.29,79.6750,3067.4847,79.8380,79.5220,已触发观察,等待收盘复核,500.00,低,-429.45,-0.43,raw:knowledge/raw/brooks/transcribed_v2/al_brooks_price_action_course_v2/units/video_048D_breakout_mode_opening_range.md;raw:knowledge/raw/brooks/transcribed_v2/al_brooks_price_action_course_v2/units/video_008C_candles_ttr_ii_ioi_breakout_mode.md;raw:knowledge/raw/brooks/transcribed_v2/al_brooks_price_action_course_v2/units/video_026A_triangles_ttr_wedges_flags_reversal_or_continuation.md,M10-PA-012,开盘区间突破,HYG,15m
2026-06-01T10:35:00,79.82,native_current_session_5m_cache,看跌,0.02,0.29,79.6750,3067.4847,79.8380,79.5220,已触发观察,等待收盘复核,500.00,低,-429.45,-0.43,raw:knowledge/raw/brooks/transcribed_v2/al_brooks_price_action_course_v2/units/video_048D_breakout_mode_opening_range.md;raw:knowledge/raw/brooks/transcribed_v2/al_brooks_price_action_course_v2/units/video_008C_candles_ttr_ii_ioi_breakout_mode.md;raw:knowledge/raw/brooks/transcribed_v2/al_brooks_price_action_course_v2/units/video_026A_triangles_ttr_wedges_flags_reversal_or_continuation.md,M10-PA-012,开盘区间突破,HYG,5m
2026-06-01T16:00:00-04:00,108.52,native_daily_cache,看跌,1.09,2.25,108.4900,450.4505,109.6000,106.2700,观察名单,等待收盘复核,500.00,中,-11.26,-0.01,raw:knowledge/raw/brooks/transcribed_v2/al_brooks_price_action_course_v2/units/video_009A_pullbacks_bar_counting_basics_high_low_1_2.md;raw:knowledge/raw/brooks/transcribed_v2/al_brooks_price_action_course_v2/units/video_009C_pullbacks_endless_higher_lower_timeframes_countertrend_exit.md;raw:knowledge/raw/brooks/transcribed_v2/al_brooks_price_action_course_v2/units/video_014E_trends_tight_channel_small_pullback.md;raw:knowledge/raw/youtube/fangfangtu/transcripts/Price_Action方方土.pdf;raw:knowledge/raw/youtube/fangfangtu/transcripts/Price_Action方方土.pdf;raw:knowledge/raw/notes/方方土视频笔记 - 回调&数K线.pdf;raw:knowledge/raw/notes/方方土视频笔记 - 市场周期.pdf,M10-PA-001,趋势回调二次入场,LQD,1d
2026-06-01T12:55:00,108.87,derived_from_5m_current,看涨,0.39,0.01,108.7400,1923.0769,108.4800,108.8700,已触发观察,等待收盘复核,500.00,低,240.38,0.24,raw:knowledge/raw/brooks/transcribed_v2/al_brooks_price_action_course_v2/units/video_048D_breakout_mode_opening_range.md;raw:knowledge/raw/brooks/transcribed_v2/al_brooks_price_action_course_v2/units/video_008C_candles_ttr_ii_ioi_breakout_mode.md;raw:knowledge/raw/brooks/transcribed_v2/al_brooks_price_action_course_v2/units/video_026A_triangles_ttr_wedges_flags_reversal_or_continuation.md,M10-PA-012,开盘区间突破,LQD,15m
2026-06-01T10:45:00,108.87,native_current_session_5m_cache,看跌,-0.26,0.52,108.4750,3703.7037,108.6100,108.3450,已触发观察,等待收盘复核,500.00,低,-1444.44,-1.44,raw:knowledge/raw/brooks/transcribed_v2/al_brooks_price_action_course_v2/units/video_048D_breakout_mode_opening_range.md;raw:knowledge/raw/brooks/transcribed_v2/al_brooks_price_action_course_v2/units/video_008C_candles_ttr_ii_ioi_breakout_mode.md;raw:knowledge/raw/brooks/transcribed_v2/al_brooks_price_action_course_v2/units/video_026A_triangles_ttr_wedges_flags_reversal_or_continuation.md,M10-PA-012,开盘区间突破,LQD,5m
2026-06-01T16:00:00-04:00,69.33,native_daily_cache,看涨,4.94,10.37,69.4950,98.0392,64.3950,79.6950,观察名单,等待收盘复核,500.00,高,-16.18,-0.02,raw:knowledge/raw/brooks/transcribed_v2/al_brooks_price_action_course_v2/units/video_009A_pullbacks_bar_counting_basics_high_low_1_2.md;raw:knowledge/raw/brooks/transcribed_v2/al_brooks_price_action_course_v2/units/video_009C_pullbacks_endless_higher_lower_timeframes_countertrend_exit.md;raw:knowledge/raw/brooks/transcribed_v2/al_brooks_price_action_course_v2/units/video_014E_trends_tight_channel_small_pullback.md;raw:knowledge/raw/youtube/fangfangtu/transcripts/Price_Action方方土.pdf;raw:knowledge/raw/youtube/fangfangtu/transcripts/Price_Action方方土.pdf;raw:knowledge/raw/notes/方方土视频笔记 - 回调&数K线.pdf;raw:knowledge/raw/notes/方方土视频笔记 - 市场周期.pdf,M10-PA-001,趋势回调二次入场,EEM,1d
2026-06-01T15:55:00,70.10,native_current_session_5m_cache,看跌,0.05,0.10,70.1000,10000.0000,70.1500,70.0000,已触发观察,等待收盘复核,500.00,低,0.00,0.00,raw:knowledge/raw/brooks/transcribed_v2/al_brooks_price_action_course_v2/units/video_015D_breakouts_second_leg_traps_strong_breakouts.md;raw:knowledge/raw/brooks/transcribed_v2/al_brooks_price_action_course_v2/units/video_015A_breakouts_definition_80_rule_reversal_tr.md;raw:knowledge/raw/brooks/transcribed_v2/al_brooks_price_action_course_v2/units/video_015B_breakouts_follow_through_reversal_small_start.md;raw:knowledge/raw/youtube/fangfangtu/transcripts/Price_Action方方土.pdf;raw:knowledge/raw/youtube/fangfangtu/transcripts/Price_Action方方土.pdf;raw:knowledge/raw/notes/方方土视频笔记-突破.pdf;raw:knowledge/raw/notes/方方土视频笔记-突破.pdf,M10-PA-002,突破后续跟进,EEM,5m
2026-06-01T11:10:00,70.10,derived_from_5m_current,看涨,0.93,-0.08,69.6100,1136.3636,69.1700,70.0250,已触发观察,等待收盘复核,500.00,中,556.82,0.56,raw:knowledge/raw/brooks/transcribed_v2/al_brooks_price_action_course_v2/units/video_048D_breakout_mode_opening_range.md;raw:knowledge/raw/brooks/transcribed_v2/al_brooks_price_action_course_v2/units/video_008C_candles_ttr_ii_ioi_breakout_mode.md;raw:knowledge/raw/brooks/transcribed_v2/al_brooks_price_action_course_v2/units/video_026A_triangles_ttr_wedges_flags_reversal_or_continuation.md,M10-PA-012,开盘区间突破,EEM,15m
2026-06-01T11:10:00,70.10,native_current_session_5m_cache,看涨,0.97,-0.04,69.6100,1043.8413,69.1310,70.0640,已触发观察,等待收盘复核,500.00,中,511.48,0.51,raw:knowledge/raw/brooks/transcribed_v2/al_brooks_price_action_course_v2/units/video_048D_breakout_mode_opening_range.md;raw:knowledge/raw/brooks/transcribed_v2/al_brooks_price_action_course_v2/units/video_008C_candles_ttr_ii_ioi_breakout_mode.md;raw:knowledge/raw/brooks/transcribed_v2/al_brooks_price_action_course_v2/units/video_026A_triangles_ttr_wedges_flags_reversal_or_continuation.md,M10-PA-012,开盘区间突破,EEM,5m
2026-06-01T11:40:00,104.37,derived_from_5m_current,看涨,0.69,0.37,104.2480,872.6003,103.6750,104.7330,已触发观察,等待收盘复核,500.00,中,102.09,0.10,raw:knowledge/raw/brooks/transcribed_v2/al_brooks_price_action_course_v2/units/video_048D_breakout_mode_opening_range.md;raw:knowledge/raw/brooks/transcribed_v2/al_brooks_price_action_course_v2/units/video_008C_candles_ttr_ii_ioi_breakout_mode.md;raw:knowledge/raw/brooks/transcribed_v2/al_brooks_price_action_course_v2/units/video_026A_triangles_ttr_wedges_flags_reversal_or_continuation.md,M10-PA-012,开盘区间突破,EFA,15m
2026-06-01T10:45:00,104.37,native_current_session_5m_cache,看跌,-0.21,1.22,103.6350,952.3810,104.1600,103.1500,已触发观察,等待收盘复核,500.00,中,-695.24,-0.70,raw:knowledge/raw/brooks/transcribed_v2/al_brooks_price_action_course_v2/units/video_048D_breakout_mode_opening_range.md;raw:knowledge/raw/brooks/transcribed_v2/al_brooks_price_action_course_v2/units/video_008C_candles_ttr_ii_ioi_breakout_mode.md;raw:knowledge/raw/brooks/transcribed_v2/al_brooks_price_action_course_v2/units/video_026A_triangles_ttr_wedges_flags_reversal_or_continuation.md,M10-PA-012,开盘区间突破,EFA,5m
2026-06-01T11:10:00,81.29,derived_from_5m_current,看涨,1.35,0.27,80.9100,515.4639,79.9400,81.5600,已触发观察,等待收盘复核,500.00,中,195.88,0.20,raw:knowledge/raw/brooks/transcribed_v2/al_brooks_price_action_course_v2/units/video_048D_breakout_mode_opening_range.md;raw:knowledge/raw/brooks/transcribed_v2/al_brooks_price_action_course_v2/units/video_008C_candles_ttr_ii_ioi_breakout_mode.md;raw:knowledge/raw/brooks/transcribed_v2/al_brooks_price_action_course_v2/units/video_026A_triangles_ttr_wedges_flags_reversal_or_continuation.md,M10-PA-012,开盘区间突破,ARKK,15m
2026-06-01T11:00:00,81.29,native_current_session_5m_cache,看涨,1.35,0.04,80.6800,675.6757,79.9400,81.3300,已触发观察,等待收盘复核,500.00,中,412.16,0.41,raw:knowledge/raw/brooks/transcribed_v2/al_brooks_price_action_course_v2/units/video_048D_breakout_mode_opening_range.md;raw:knowledge/raw/brooks/transcribed_v2/al_brooks_price_action_course_v2/units/video_008C_candles_ttr_ii_ioi_breakout_mode.md;raw:knowledge/raw/brooks/transcribed_v2/al_brooks_price_action_course_v2/units/video_026A_triangles_ttr_wedges_flags_reversal_or_continuation.md,M10-PA-012,开盘区间突破,ARKK,5m
2026-06-01T15:55:00,306.00,native_current_session_5m_cache,看跌,0.45,0.89,306.0000,1123.5955,306.4450,305.1100,已触发观察,等待收盘复核,500.00,低,0.00,0.00,raw:knowledge/raw/brooks/transcribed_v2/al_brooks_price_action_course_v2/units/video_015D_breakouts_second_leg_traps_strong_breakouts.md;raw:knowledge/raw/brooks/transcribed_v2/al_brooks_price_action_course_v2/units/video_015A_breakouts_definition_80_rule_reversal_tr.md;raw:knowledge/raw/brooks/transcribed_v2/al_brooks_price_action_course_v2/units/video_015B_breakouts_follow_through_reversal_small_start.md;raw:knowledge/raw/youtube/fangfangtu/transcripts/Price_Action方方土.pdf;raw:knowledge/raw/youtube/fangfangtu/transcripts/Price_Action方方土.pdf;raw:knowledge/raw/notes/方方土视频笔记-突破.pdf;raw:knowledge/raw/notes/方方土视频笔记-突破.pdf,M10-PA-002,突破后续跟进,AAPL,5m
2026-06-01T10:25:00,306.00,derived_from_5m_current,看跌,4.93,0.59,307.8400,161.8123,310.9300,305.4100,已触发观察,等待收盘复核,500.00,中,297.73,0.30,raw:knowledge/raw/brooks/transcribed_v2/al_brooks_price_action_course_v2/units/video_048D_breakout_mode_opening_range.md;raw:knowledge/raw/brooks/transcribed_v2/al_brooks_price_action_course_v2/units/video_008C_candles_ttr_ii_ioi_breakout_mode.md;raw:knowledge/raw/brooks/transcribed_v2/al_brooks_price_action_course_v2/units/video_026A_triangles_ttr_wedges_flags_reversal_or_continuation.md,M10-PA-012,开盘区间突破,AAPL,15m
2026-06-01T10:25:00,306.00,native_current_session_5m_cache,看跌,4.93,0.59,307.8400,161.8123,310.9300,305.4100,已触发观察,等待收盘复核,500.00,中,297.73,0.30,raw:knowledge/raw/brooks/transcribed_v2/al_brooks_price_action_course_v2/units/video_048D_breakout_mode_opening_range.md;raw:knowledge/raw/brooks/transcribed_v2/al_brooks_price_action_course_v2/units/video_008C_candles_ttr_ii_ioi_breakout_mode.md;raw:knowledge/raw/brooks/transcribed_v2/al_brooks_price_action_course_v2/units/video_026A_triangles_ttr_wedges_flags_reversal_or_continuation.md,M10-PA-012,开盘区间突破,AAPL,5m
2026-06-01T16:00:00-04:00,459.43,native_daily_cache,看涨,49.85,118.75,465.7800,8.8968,409.5800,578.1800,观察名单,等待收盘复核,500.00,高,-56.49,-0.06,raw:knowledge/raw/brooks/transcribed_v2/al_brooks_price_action_course_v2/units/video_009A_pullbacks_bar_counting_basics_high_low_1_2.md;raw:knowledge/raw/brooks/transcribed_v2/al_brooks_price_action_course_v2/units/video_009C_pullbacks_endless_higher_lower_timeframes_countertrend_exit.md;raw:knowledge/raw/brooks/transcribed_v2/al_brooks_price_action_course_v2/units/video_014E_trends_tight_channel_small_pullback.md;raw:knowledge/raw/youtube/fangfangtu/transcripts/Price_Action方方土.pdf;raw:knowledge/raw/youtube/fangfangtu/transcripts/Price_Action方方土.pdf;raw:knowledge/raw/notes/方方土视频笔记 - 回调&数K线.pdf;raw:knowledge/raw/notes/方方土视频笔记 - 市场周期.pdf,M10-PA-001,趋势回调二次入场,MSFT,1d
2026-06-01T15:55:00,461.57,native_current_session_5m_cache,看涨,1.55,4.41,462.0050,251.8892,460.0200,465.9750,观察名单,等待收盘复核,500.00,低,-109.57,-0.11,raw:knowledge/raw/brooks/transcribed_v2/al_brooks_price_action_course_v2/units/video_009A_pullbacks_bar_counting_basics_high_low_1_2.md;raw:knowledge/raw/brooks/transcribed_v2/al_brooks_price_action_course_v2/units/video_009C_pullbacks_endless_higher_lower_timeframes_countertrend_exit.md;raw:knowledge/raw/brooks/transcribed_v2/al_brooks_price_action_course_v2/units/video_014E_trends_tight_channel_small_pullback.md;raw:knowledge/raw/youtube/fangfangtu/transcripts/Price_Action方方土.pdf;raw:knowledge/raw/youtube/fangfangtu/transcripts/Price_Action方方土.pdf;raw:knowledge/raw/notes/方方土视频笔记 - 回调&数K线.pdf;raw:knowledge/raw/notes/方方土视频笔记 - 市场周期.pdf,M10-PA-001,趋势回调二次入场,MSFT,5m
2026-06-01T13:35:00,461.57,native_current_session_5m_cache,看跌,4.21,9.76,458.6700,70.3235,465.7800,451.8100,已触发观察,等待收盘复核,500.00,高,-203.94,-0.20,raw:knowledge/raw/brooks/transcribed_v2/al_brooks_price_action_course_v2/units/video_048D_breakout_mode_opening_range.md;raw:knowledge/raw/brooks/transcribed_v2/al_brooks_price_action_course_v2/units/video_008C_candles_ttr_ii_ioi_breakout_mode.md;raw:knowledge/raw/brooks/transcribed_v2/al_brooks_price_action_course_v2/units/video_026A_triangles_ttr_wedges_flags_reversal_or_continuation.md,M10-PA-012,开盘区间突破,MSFT,5m
2026-06-01T16:00:00-04:00,218.84,native_daily_cache,看涨,10.06,23.90,220.1000,44.1696,208.7800,242.7400,观察名单,等待收盘复核,500.00,高,-55.65,-0.06,raw:knowledge/raw/brooks/transcribed_v2/al_brooks_price_action_course_v2/units/video_009A_pullbacks_bar_counting_basics_high_low_1_2.md;raw:knowledge/raw/brooks/transcribed_v2/al_brooks_price_action_course_v2/units/video_009C_pullbacks_endless_higher_lower_timeframes_countertrend_exit.md;raw:knowledge/raw/brooks/transcribed_v2/al_brooks_price_action_course_v2/units/video_014E_trends_tight_channel_small_pullback.md;raw:knowledge/raw/youtube/fangfangtu/transcripts/Price_Action方方土.pdf;raw:knowledge/raw/youtube/fangfangtu/transcripts/Price_Action方方土.pdf;raw:knowledge/raw/notes/方方土视频笔记 - 回调&数K线.pdf;raw:knowledge/raw/notes/方方土视频笔记 - 市场周期.pdf,M10-PA-001,趋势回调二次入场,NVDA,1d
2026-06-01T15:55:00,223.85,native_current_session_5m_cache,看涨,1.45,2.91,223.8500,344.8276,222.4000,226.7500,观察名单,等待收盘复核,500.00,中,-1.72,-0.00,raw:knowledge/raw/brooks/transcribed_v2/al_brooks_price_action_course_v2/units/video_009A_pullbacks_bar_counting_basics_high_low_1_2.md;raw:knowledge/raw/brooks/transcribed_v2/al_brooks_price_action_course_v2/units/video_009C_pullbacks_endless_higher_lower_timeframes_countertrend_exit.md;raw:knowledge/raw/brooks/transcribed_v2/al_brooks_price_action_course_v2/units/video_014E_trends_tight_channel_small_pullback.md;raw:knowledge/raw/youtube/fangfangtu/transcripts/Price_Action方方土.pdf;raw:knowledge/raw/youtube/fangfangtu/transcripts/Price_Action方方土.pdf;raw:knowledge/raw/notes/方方土视频笔记 - 回调&数K线.pdf;raw:knowledge/raw/notes/方方土视频笔记 - 市场周期.pdf,M10-PA-001,趋势回调二次入场,NVDA,5m
2026-06-01T10:25:00,223.85,derived_from_5m_current,看涨,8.14,2.65,221.3700,88.2613,215.7050,226.4950,已触发观察,等待收盘复核,500.00,高,218.45,0.22,raw:knowledge/raw/brooks/transcribed_v2/al_brooks_price_action_course_v2/units/video_048D_breakout_mode_opening_range.md;raw:knowledge/raw/brooks/transcribed_v2/al_brooks_price_action_course_v2/units/video_008C_candles_ttr_ii_ioi_breakout_mode.md;raw:knowledge/raw/brooks/transcribed_v2/al_brooks_price_action_course_v2/units/video_026A_triangles_ttr_wedges_flags_reversal_or_continuation.md,M10-PA-012,开盘区间突破,NVDA,15m
2026-06-01T10:15:00,223.85,native_current_session_5m_cache,看涨,8.14,2.31,221.0300,93.8967,215.7050,226.1550,已触发观察,等待收盘复核,500.00,高,264.32,0.26,raw:knowledge/raw/brooks/transcribed_v2/al_brooks_price_action_course_v2/units/video_048D_breakout_mode_opening_range.md;raw:knowledge/raw/brooks/transcribed_v2/al_brooks_price_action_course_v2/units/video_008C_candles_ttr_ii_ioi_breakout_mode.md;raw:knowledge/raw/brooks/transcribed_v2/al_brooks_price_action_course_v2/units/video_026A_triangles_ttr_wedges_flags_reversal_or_continuation.md,M10-PA-012,开盘区间突破,NVDA,5m
2026-06-01T12:40:00,261.40,derived_from_5m_current,看跌,5.08,3.34,262.2200,117.6471,266.4700,258.0600,已触发观察,等待收盘复核,500.00,高,97.06,0.10,raw:knowledge/raw/brooks/transcribed_v2/al_brooks_price_action_course_v2/units/video_048D_breakout_mode_opening_range.md;raw:knowledge/raw/brooks/transcribed_v2/al_brooks_price_action_course_v2/units/video_008C_candles_ttr_ii_ioi_breakout_mode.md;raw:knowledge/raw/brooks/transcribed_v2/al_brooks_price_action_course_v2/units/video_026A_triangles_ttr_wedges_flags_reversal_or_continuation.md,M10-PA-012,开盘区间突破,AMZN,15m
2026-06-01T12:15:00,261.40,native_current_session_5m_cache,看跌,5.08,3.60,261.9550,110.7420,266.4700,257.7950,已触发观察,等待收盘复核,500.00,高,62.02,0.06,raw:knowledge/raw/brooks/transcribed_v2/al_brooks_price_action_course_v2/units/video_048D_breakout_mode_opening_range.md;raw:knowledge/raw/brooks/transcribed_v2/al_brooks_price_action_course_v2/units/video_008C_candles_ttr_ii_ioi_breakout_mode.md;raw:knowledge/raw/brooks/transcribed_v2/al_brooks_price_action_course_v2/units/video_026A_triangles_ttr_wedges_flags_reversal_or_continuation.md,M10-PA-012,开盘区间突破,AMZN,5m
2026-06-01T13:25:00,376.48,derived_from_5m_current,看涨,2.96,5.47,378.0900,109.4092,373.5200,381.9500,已触发观察,等待收盘复核,500.00,中,-176.15,-0.18,raw:knowledge/raw/brooks/transcribed_v2/al_brooks_price_action_course_v2/units/video_048D_breakout_mode_opening_range.md;raw:knowledge/raw/brooks/transcribed_v2/al_brooks_price_action_course_v2/units/video_008C_candles_ttr_ii_ioi_breakout_mode.md;raw:knowledge/raw/brooks/transcribed_v2/al_brooks_price_action_course_v2/units/video_026A_triangles_ttr_wedges_flags_reversal_or_continuation.md,M10-PA-012,开盘区间突破,GOOGL,15m
2026-06-01T13:25:00,376.48,native_current_session_5m_cache,看涨,2.96,5.47,378.0900,109.4092,373.5200,381.9500,已触发观察,等待收盘复核,500.00,中,-176.15,-0.18,raw:knowledge/raw/brooks/transcribed_v2/al_brooks_price_action_course_v2/units/video_048D_breakout_mode_opening_range.md;raw:knowledge/raw/brooks/transcribed_v2/al_brooks_price_action_course_v2/units/video_008C_candles_ttr_ii_ioi_breakout_mode.md;raw:knowledge/raw/brooks/transcribed_v2/al_brooks_price_action_course_v2/units/video_026A_triangles_ttr_wedges_flags_reversal_or_continuation.md,M10-PA-012,开盘区间突破,GOOGL,5m
2026-06-01T16:00:00-04:00,375.62,native_daily_cache,看跌,1.76,6.19,374.73,188.6792,377.38,369.43,已触发观察,等待收盘复核,500.00,中,-167.92,-0.17,wiki:knowledge/wiki/sources/fangfangtu-market-cycle-note.md;raw:knowledge/raw/notes/方方土视频笔记 - 市场周期.pdf;wiki:knowledge/wiki/sources/fangfangtu-signal-bar-entry-note.md;raw:knowledge/raw/notes/方方土视频笔记 - 信号K线 & 入场.pdf,M12-FTD-001,方方土日线趋势顺势信号K,GOOGL,1d
2026-06-01T13:25:00,372.62,derived_from_5m_current,看涨,2.91,5.34,374.0200,116.0093,369.7100,377.9600,已触发观察,等待收盘复核,500.00,中,-162.41,-0.16,raw:knowledge/raw/brooks/transcribed_v2/al_brooks_price_action_course_v2/units/video_048D_breakout_mode_opening_range.md;raw:knowledge/raw/brooks/transcribed_v2/al_brooks_price_action_course_v2/units/video_008C_candles_ttr_ii_ioi_breakout_mode.md;raw:knowledge/raw/brooks/transcribed_v2/al_brooks_price_action_course_v2/units/video_026A_triangles_ttr_wedges_flags_reversal_or_continuation.md,M10-PA-012,开盘区间突破,GOOG,15m
2026-06-01T13:25:00,372.62,native_current_session_5m_cache,看涨,2.91,5.34,374.0200,116.0093,369.7100,377.9600,已触发观察,等待收盘复核,500.00,中,-162.41,-0.16,raw:knowledge/raw/brooks/transcribed_v2/al_brooks_price_action_course_v2/units/video_048D_breakout_mode_opening_range.md;raw:knowledge/raw/brooks/transcribed_v2/al_brooks_price_action_course_v2/units/video_008C_candles_ttr_ii_ioi_breakout_mode.md;raw:knowledge/raw/brooks/transcribed_v2/al_brooks_price_action_course_v2/units/video_026A_triangles_ttr_wedges_flags_reversal_or_continuation.md,M10-PA-012,开盘区间突破,GOOG,5m
2026-06-01T16:00:00-04:00,622.32,native_daily_cache,看跌,20.68,52.94,618.4600,20.3749,643.0000,569.3800,观察名单,等待收盘复核,500.00,高,-78.63,-0.08,raw:knowledge/raw/brooks/transcribed_v2/al_brooks_price_action_course_v2/units/video_009A_pullbacks_bar_counting_basics_high_low_1_2.md;raw:knowledge/raw/brooks/transcribed_v2/al_brooks_price_action_course_v2/units/video_009C_pullbacks_endless_higher_lower_timeframes_countertrend_exit.md;raw:knowledge/raw/brooks/transcribed_v2/al_brooks_price_action_course_v2/units/video_014E_trends_tight_channel_small_pullback.md;raw:knowledge/raw/youtube/fangfangtu/transcripts/Price_Action方方土.pdf;raw:knowledge/raw/youtube/fangfangtu/transcripts/Price_Action方方土.pdf;raw:knowledge/raw/notes/方方土视频笔记 - 回调&数K线.pdf;raw:knowledge/raw/notes/方方土视频笔记 - 市场周期.pdf,M10-PA-001,趋势回调二次入场,META,1d
2026-06-01T15:55:00,600.24,derived_from_5m_current,看跌,5.01,10.02,600.2400,99.8004,605.2500,590.2200,已触发观察,等待收盘复核,500.00,中,0.00,0.00,raw:knowledge/raw/brooks/transcribed_v2/al_brooks_price_action_course_v2/units/video_015D_breakouts_second_leg_traps_strong_breakouts.md;raw:knowledge/raw/brooks/transcribed_v2/al_brooks_price_action_course_v2/units/video_015A_breakouts_definition_80_rule_reversal_tr.md;raw:knowledge/raw/brooks/transcribed_v2/al_brooks_price_action_course_v2/units/video_015B_breakouts_follow_through_reversal_small_start.md;raw:knowledge/raw/youtube/fangfangtu/transcripts/Price_Action方方土.pdf;raw:knowledge/raw/youtube/fangfangtu/transcripts/Price_Action方方土.pdf;raw:knowledge/raw/notes/方方土视频笔记-突破.pdf;raw:knowledge/raw/notes/方方土视频笔记-突破.pdf,M10-PA-002,突破后续跟进,META,15m
2026-06-01T10:10:00,600.24,derived_from_5m_current,看跌,35.51,7.19,614.2100,23.2126,635.7500,593.0500,已触发观察,等待收盘复核,500.00,高,324.28,0.32,raw:knowledge/raw/brooks/transcribed_v2/al_brooks_price_action_course_v2/units/video_048D_breakout_mode_opening_range.md;raw:knowledge/raw/brooks/transcribed_v2/al_brooks_price_action_course_v2/units/video_008C_candles_ttr_ii_ioi_breakout_mode.md;raw:knowledge/raw/brooks/transcribed_v2/al_brooks_price_action_course_v2/units/video_026A_triangles_ttr_wedges_flags_reversal_or_continuation.md,M10-PA-012,开盘区间突破,META,15m
2026-06-01T10:05:00,600.24,native_current_session_5m_cache,看跌,35.51,6.88,614.5200,23.5516,635.7500,593.3600,已触发观察,等待收盘复核,500.00,高,336.32,0.34,raw:knowledge/raw/brooks/transcribed_v2/al_brooks_price_action_course_v2/units/video_048D_breakout_mode_opening_range.md;raw:knowledge/raw/brooks/transcribed_v2/al_brooks_price_action_course_v2/units/video_008C_candles_ttr_ii_ioi_breakout_mode.md;raw:knowledge/raw/brooks/transcribed_v2/al_brooks_price_action_course_v2/units/video_026A_triangles_ttr_wedges_flags_reversal_or_continuation.md,M10-PA-012,开盘区间突破,META,5m
2026-06-01T16:00:00-04:00,622.32,native_daily_cache,看跌,13.43,38.44,618.46,28.9184,635.75,583.88,已触发观察,等待收盘复核,500.00,中,-111.60,-0.11,wiki:knowledge/wiki/sources/fangfangtu-market-cycle-note.md;raw:knowledge/raw/notes/方方土视频笔记 - 市场周期.pdf;wiki:knowledge/wiki/sources/fangfangtu-signal-bar-entry-note.md;raw:knowledge/raw/notes/方方土视频笔记 - 信号K线 & 入场.pdf,M12-FTD-001,方方土日线趋势顺势信号K,META,1d
2026-06-01T15:55:00,416.65,native_current_session_5m_cache,看跌,2.25,6.54,415.9700,170.6485,418.9000,410.1100,观察名单,等待收盘复核,500.00,中,-116.04,-0.12,raw:knowledge/raw/brooks/transcribed_v2/al_brooks_price_action_course_v2/units/video_009A_pullbacks_bar_counting_basics_high_low_1_2.md;raw:knowledge/raw/brooks/transcribed_v2/al_brooks_price_action_course_v2/units/video_009C_pullbacks_endless_higher_lower_timeframes_countertrend_exit.md;raw:knowledge/raw/brooks/transcribed_v2/al_brooks_price_action_course_v2/units/video_014E_trends_tight_channel_small_pullback.md;raw:knowledge/raw/youtube/fangfangtu/transcripts/Price_Action方方土.pdf;raw:knowledge/raw/youtube/fangfangtu/transcripts/Price_Action方方土.pdf;raw:knowledge/raw/notes/方方土视频笔记 - 回调&数K线.pdf;raw:knowledge/raw/notes/方方土视频笔记 - 市场周期.pdf,M10-PA-001,趋势回调二次入场,TSLA,5m
2026-06-01T10:10:00,416.65,derived_from_5m_current,看跌,12.89,1.46,422.0910,67.1231,429.5400,415.1910,已触发观察,等待收盘复核,500.00,高,365.22,0.37,raw:knowledge/raw/brooks/transcribed_v2/al_brooks_price_action_course_v2/units/video_048D_breakout_mode_opening_range.md;raw:knowledge/raw/brooks/transcribed_v2/al_brooks_price_action_course_v2/units/video_008C_candles_ttr_ii_ioi_breakout_mode.md;raw:knowledge/raw/brooks/transcribed_v2/al_brooks_price_action_course_v2/units/video_026A_triangles_ttr_wedges_flags_reversal_or_continuation.md,M10-PA-012,开盘区间突破,TSLA,15m
2026-06-01T10:10:00,416.65,native_current_session_5m_cache,看跌,12.89,1.46,422.0910,67.1231,429.5400,415.1910,已触发观察,等待收盘复核,500.00,高,365.22,0.37,raw:knowledge/raw/brooks/transcribed_v2/al_brooks_price_action_course_v2/units/video_048D_breakout_mode_opening_range.md;raw:knowledge/raw/brooks/transcribed_v2/al_brooks_price_action_course_v2/units/video_008C_candles_ttr_ii_ioi_breakout_mode.md;raw:knowledge/raw/brooks/transcribed_v2/al_brooks_price_action_course_v2/units/video_026A_triangles_ttr_wedges_flags_reversal_or_continuation.md,M10-PA-012,开盘区间突破,TSLA,5m
2026-06-01T16:00:00-04:00,424.20,native_daily_cache,看跌,5.40,12.60,423.60,83.3333,429.60,411.60,已触发观察,等待收盘复核,500.00,中,-50.00,-0.05,wiki:knowledge/wiki/sources/fangfangtu-market-cycle-note.md;raw:knowledge/raw/notes/方方土视频笔记 - 市场周期.pdf;wiki:knowledge/wiki/sources/fangfangtu-signal-bar-entry-note.md;raw:knowledge/raw/notes/方方土视频笔记 - 信号K线 & 入场.pdf,M12-FTD-001,方方土日线趋势顺势信号K,TSLA,1d
2026-06-01T16:00:00-04:00,446.22,native_daily_cache,看涨,36.01,85.55,450.7300,12.3396,410.2100,531.7700,观察名单,等待收盘复核,500.00,高,-55.65,-0.06,raw:knowledge/raw/brooks/transcribed_v2/al_brooks_price_action_course_v2/units/video_009A_pullbacks_bar_counting_basics_high_low_1_2.md;raw:knowledge/raw/brooks/transcribed_v2/al_brooks_price_action_course_v2/units/video_009C_pullbacks_endless_higher_lower_timeframes_countertrend_exit.md;raw:knowledge/raw/brooks/transcribed_v2/al_brooks_price_action_course_v2/units/video_014E_trends_tight_channel_small_pullback.md;raw:knowledge/raw/youtube/fangfangtu/transcripts/Price_Action方方土.pdf;raw:knowledge/raw/youtube/fangfangtu/transcripts/Price_Action方方土.pdf;raw:knowledge/raw/notes/方方土视频笔记 - 回调&数K线.pdf;raw:knowledge/raw/notes/方方土视频笔记 - 市场周期.pdf,M10-PA-001,趋势回调二次入场,AVGO,1d
2026-06-01T10:40:00,459.72,derived_from_5m_current,看涨,17.48,12.38,458.1000,31.5259,442.2400,472.1000,已触发观察,等待收盘复核,500.00,高,51.07,0.05,raw:knowledge/raw/brooks/transcribed_v2/al_brooks_price_action_course_v2/units/video_048D_breakout_mode_opening_range.md;raw:knowledge/raw/brooks/transcribed_v2/al_brooks_price_action_course_v2/units/video_008C_candles_ttr_ii_ioi_breakout_mode.md;raw:knowledge/raw/brooks/transcribed_v2/al_brooks_price_action_course_v2/units/video_026A_triangles_ttr_wedges_flags_reversal_or_continuation.md,M10-PA-012,开盘区间突破,AVGO,15m
2026-06-01T10:40:00,459.72,native_current_session_5m_cache,看涨,17.48,12.38,458.1000,31.5259,442.2400,472.1000,已触发观察,等待收盘复核,500.00,高,51.07,0.05,raw:knowledge/raw/brooks/transcribed_v2/al_brooks_price_action_course_v2/units/video_048D_breakout_mode_opening_range.md;raw:knowledge/raw/brooks/transcribed_v2/al_brooks_price_action_course_v2/units/video_008C_candles_ttr_ii_ioi_breakout_mode.md;raw:knowledge/raw/brooks/transcribed_v2/al_brooks_price_action_course_v2/units/video_026A_triangles_ttr_wedges_flags_reversal_or_continuation.md,M10-PA-012,开盘区间突破,AVGO,5m
2026-06-01T10:40:00,509.53,derived_from_5m_current,看涨,22.73,14.66,506.1050,25.9000,486.8000,524.1850,已触发观察,等待收盘复核,500.00,高,88.71,0.09,raw:knowledge/raw/brooks/transcribed_v2/al_brooks_price_action_course_v2/units/video_048D_breakout_mode_opening_range.md;raw:knowledge/raw/brooks/transcribed_v2/al_brooks_price_action_course_v2/units/video_008C_candles_ttr_ii_ioi_breakout_mode.md;raw:knowledge/raw/brooks/transcribed_v2/al_brooks_price_action_course_v2/units/video_026A_triangles_ttr_wedges_flags_reversal_or_continuation.md,M10-PA-012,开盘区间突破,AMD,15m
2026-06-01T10:30:00,509.53,native_current_session_5m_cache,看涨,22.73,15.02,506.4660,25.4246,486.8000,524.5460,已触发观察,等待收盘复核,500.00,高,77.90,0.08,raw:knowledge/raw/brooks/transcribed_v2/al_brooks_price_action_course_v2/units/video_048D_breakout_mode_opening_range.md;raw:knowledge/raw/brooks/transcribed_v2/al_brooks_price_action_course_v2/units/video_008C_candles_ttr_ii_ioi_breakout_mode.md;raw:knowledge/raw/brooks/transcribed_v2/al_brooks_price_action_course_v2/units/video_026A_triangles_ttr_wedges_flags_reversal_or_continuation.md,M10-PA-012,开盘区间突破,AMD,5m
2026-06-01T11:25:00,109.12,derived_from_5m_current,看涨,2.79,8.67,112.7150,78.3085,106.3300,117.7850,已触发观察,等待收盘复核,500.00,高,-281.91,-0.28,raw:knowledge/raw/brooks/transcribed_v2/al_brooks_price_action_course_v2/units/video_048D_breakout_mode_opening_range.md;raw:knowledge/raw/brooks/transcribed_v2/al_brooks_price_action_course_v2/units/video_008C_candles_ttr_ii_ioi_breakout_mode.md;raw:knowledge/raw/brooks/transcribed_v2/al_brooks_price_action_course_v2/units/video_026A_triangles_ttr_wedges_flags_reversal_or_continuation.md,M10-PA-012,开盘区间突破,INTC,15m
2026-06-01T11:00:00,109.12,native_current_session_5m_cache,看涨,2.79,7.55,111.5900,95.0570,106.3300,116.6600,已触发观察,等待收盘复核,500.00,高,-235.27,-0.24,raw:knowledge/raw/brooks/transcribed_v2/al_brooks_price_action_course_v2/units/video_048D_breakout_mode_opening_range.md;raw:knowledge/raw/brooks/transcribed_v2/al_brooks_price_action_course_v2/units/video_008C_candles_ttr_ii_ioi_breakout_mode.md;raw:knowledge/raw/brooks/transcribed_v2/al_brooks_price_action_course_v2/units/video_026A_triangles_ttr_wedges_flags_reversal_or_continuation.md,M10-PA-012,开盘区间突破,INTC,5m
2026-06-01T16:00:00-04:00,1021.23,native_daily_cache,看涨,320.57,688.10,1036.8800,1.4871,700.6600,1709.3200,观察名单,等待收盘复核,500.00,高,-23.28,-0.02,raw:knowledge/raw/brooks/transcribed_v2/al_brooks_price_action_course_v2/units/video_009A_pullbacks_bar_counting_basics_high_low_1_2.md;raw:knowledge/raw/brooks/transcribed_v2/al_brooks_price_action_course_v2/units/video_009C_pullbacks_endless_higher_lower_timeframes_countertrend_exit.md;raw:knowledge/raw/brooks/transcribed_v2/al_brooks_price_action_course_v2/units/video_014E_trends_tight_channel_small_pullback.md;raw:knowledge/raw/youtube/fangfangtu/transcripts/Price_Action方方土.pdf;raw:knowledge/raw/youtube/fangfangtu/transcripts/Price_Action方方土.pdf;raw:knowledge/raw/notes/方方土视频笔记 - 回调&数K线.pdf;raw:knowledge/raw/notes/方方土视频笔记 - 市场周期.pdf,M10-PA-001,趋势回调二次入场,MU,1d
2026-06-01T12:55:00,1033.75,derived_from_5m_current,看涨,24.18,39.19,1043.5750,14.7037,1009.5700,1072.9400,已触发观察,等待收盘复核,500.00,高,-144.46,-0.14,raw:knowledge/raw/brooks/transcribed_v2/al_brooks_price_action_course_v2/units/video_048D_breakout_mode_opening_range.md;raw:knowledge/raw/brooks/transcribed_v2/al_brooks_price_action_course_v2/units/video_008C_candles_ttr_ii_ioi_breakout_mode.md;raw:knowledge/raw/brooks/transcribed_v2/al_brooks_price_action_course_v2/units/video_026A_triangles_ttr_wedges_flags_reversal_or_continuation.md,M10-PA-012,开盘区间突破,MU,15m
2026-06-01T12:50:00,1033.75,native_current_session_5m_cache,看涨,24.18,36.57,1040.9500,15.9337,1009.5700,1070.3150,已触发观察,等待收盘复核,500.00,高,-114.72,-0.11,raw:knowledge/raw/brooks/transcribed_v2/al_brooks_price_action_course_v2/units/video_048D_breakout_mode_opening_range.md;raw:knowledge/raw/brooks/transcribed_v2/al_brooks_price_action_course_v2/units/video_008C_candles_ttr_ii_ioi_breakout_mode.md;raw:knowledge/raw/brooks/transcribed_v2/al_brooks_price_action_course_v2/units/video_026A_triangles_ttr_wedges_flags_reversal_or_continuation.md,M10-PA-012,开盘区间突破,MU,5m
2026-06-01T15:55:00,228.62,native_current_session_5m_cache,看跌,1.09,3.43,228.2000,332.2259,229.7050,225.1900,观察名单,等待收盘复核,500.00,中,-138.21,-0.14,raw:knowledge/raw/brooks/transcribed_v2/al_brooks_price_action_course_v2/units/video_009A_pullbacks_bar_counting_basics_high_low_1_2.md;raw:knowledge/raw/brooks/transcribed_v2/al_brooks_price_action_course_v2/units/video_009C_pullbacks_endless_higher_lower_timeframes_countertrend_exit.md;raw:knowledge/raw/brooks/transcribed_v2/al_brooks_price_action_course_v2/units/video_014E_trends_tight_channel_small_pullback.md;raw:knowledge/raw/youtube/fangfangtu/transcripts/Price_Action方方土.pdf;raw:knowledge/raw/youtube/fangfangtu/transcripts/Price_Action方方土.pdf;raw:knowledge/raw/notes/方方土视频笔记 - 回调&数K线.pdf;raw:knowledge/raw/notes/方方土视频笔记 - 市场周期.pdf,M10-PA-001,趋势回调二次入场,QCOM,5m
2026-06-01T16:00:00-04:00,229.05,native_daily_cache,看涨,50.25,112.00,232.8800,9.2456,178.8000,341.0400,观察名单,等待收盘复核,500.00,高,-35.46,-0.04,raw:knowledge/raw/brooks/transcribed_v2/al_brooks_price_action_course_v2/units/video_009A_pullbacks_bar_counting_basics_high_low_1_2.md;raw:knowledge/raw/brooks/transcribed_v2/al_brooks_price_action_course_v2/units/video_009C_pullbacks_endless_higher_lower_timeframes_countertrend_exit.md;raw:knowledge/raw/brooks/transcribed_v2/al_brooks_price_action_course_v2/units/video_014E_trends_tight_channel_small_pullback.md;raw:knowledge/raw/youtube/fangfangtu/transcripts/Price_Action方方土.pdf;raw:knowledge/raw/youtube/fangfangtu/transcripts/Price_Action方方土.pdf;raw:knowledge/raw/notes/方方土视频笔记 - 回调&数K线.pdf;raw:knowledge/raw/notes/方方土视频笔记 - 市场周期.pdf,M10-PA-001,趋势回调二次入场,ORCL,1d
2026-06-01T10:25:00,247.34,derived_from_5m_current,看涨,22.74,-3.88,234.3100,51.4933,224.6000,243.4600,已触发观察,等待收盘复核,500.00,高,670.96,0.67,raw:knowledge/raw/brooks/transcribed_v2/al_brooks_price_action_course_v2/units/video_048D_breakout_mode_opening_range.md;raw:knowledge/raw/brooks/transcribed_v2/al_brooks_price_action_course_v2/units/video_008C_candles_ttr_ii_ioi_breakout_mode.md;raw:knowledge/raw/brooks/transcribed_v2/al_brooks_price_action_course_v2/units/video_026A_triangles_ttr_wedges_flags_reversal_or_continuation.md,M10-PA-012,开盘区间突破,ORCL,15m
2026-06-01T10:25:00,247.34,native_current_session_5m_cache,看涨,22.74,-3.88,234.3100,51.4933,224.6000,243.4600,已触发观察,等待收盘复核,500.00,高,670.96,0.67,raw:knowledge/raw/brooks/transcribed_v2/al_brooks_price_action_course_v2/units/video_048D_breakout_mode_opening_range.md;raw:knowledge/raw/brooks/transcribed_v2/al_brooks_price_action_course_v2/units/video_008C_candles_ttr_ii_ioi_breakout_mode.md;raw:knowledge/raw/brooks/transcribed_v2/al_brooks_price_action_course_v2/units/video_026A_triangles_ttr_wedges_flags_reversal_or_continuation.md,M10-PA-012,开盘区间突破,ORCL,5m
2026-06-01T10:10:00,209.65,derived_from_5m_current,看涨,11.40,4.67,206.3350,61.8429,198.2500,214.3150,已触发观察,等待收盘复核,500.00,高,204.70,0.20,raw:knowledge/raw/brooks/transcribed_v2/al_brooks_price_action_course_v2/units/video_048D_breakout_mode_opening_range.md;raw:knowledge/raw/brooks/transcribed_v2/al_brooks_price_action_course_v2/units/video_008C_candles_ttr_ii_ioi_breakout_mode.md;raw:knowledge/raw/brooks/transcribed_v2/al_brooks_price_action_course_v2/units/video_026A_triangles_ttr_wedges_flags_reversal_or_continuation.md,M10-PA-012,开盘区间突破,CRM,15m
2026-06-01T10:05:00,209.65,native_current_session_5m_cache,看涨,11.40,4.94,206.6000,59.8802,198.2500,214.5800,已触发观察,等待收盘复核,500.00,高,182.34,0.18,raw:knowledge/raw/brooks/transcribed_v2/al_brooks_price_action_course_v2/units/video_048D_breakout_mode_opening_range.md;raw:knowledge/raw/brooks/transcribed_v2/al_brooks_price_action_course_v2/units/video_008C_candles_ttr_ii_ioi_breakout_mode.md;raw:knowledge/raw/brooks/transcribed_v2/al_brooks_price_action_course_v2/units/video_026A_triangles_ttr_wedges_flags_reversal_or_continuation.md,M10-PA-012,开盘区间突破,CRM,5m
2026-06-01T16:00:00-04:00,200.56,native_daily_cache,看涨,2.31,6.54,201.20,169.4915,198.25,207.10,已触发观察,等待收盘复核,500.00,中,-108.47,-0.11,wiki:knowledge/wiki/sources/fangfangtu-market-cycle-note.md;raw:knowledge/raw/notes/方方土视频笔记 - 市场周期.pdf;wiki:knowledge/wiki/sources/fangfangtu-signal-bar-entry-note.md;raw:knowledge/raw/notes/方方土视频笔记 - 信号K线 & 入场.pdf,M12-FTD-001,方方土日线趋势顺势信号K,CRM,1d
2026-06-01T16:00:00-04:00,264.40,native_daily_cache,看涨,27.74,80.89,272.8700,13.8083,236.6600,345.2900,观察名单,等待收盘复核,500.00,高,-116.96,-0.12,raw:knowledge/raw/brooks/transcribed_v2/al_brooks_price_action_course_v2/units/video_009A_pullbacks_bar_counting_basics_high_low_1_2.md;raw:knowledge/raw/brooks/transcribed_v2/al_brooks_price_action_course_v2/units/video_009C_pullbacks_endless_higher_lower_timeframes_countertrend_exit.md;raw:knowledge/raw/brooks/transcribed_v2/al_brooks_price_action_course_v2/units/video_014E_trends_tight_channel_small_pullback.md;raw:knowledge/raw/youtube/fangfangtu/transcripts/Price_Action方方土.pdf;raw:knowledge/raw/youtube/fangfangtu/transcripts/Price_Action方方土.pdf;raw:knowledge/raw/notes/方方土视频笔记 - 回调&数K线.pdf;raw:knowledge/raw/notes/方方土视频笔记 - 市场周期.pdf,M10-PA-001,趋势回调二次入场,ADBE,1d
2026-06-01T11:25:00,273.77,derived_from_5m_current,看涨,11.47,10.62,273.8450,43.3088,262.3000,284.3900,已触发观察,等待收盘复核,500.00,高,-3.25,-0.00,raw:knowledge/raw/brooks/transcribed_v2/al_brooks_price_action_course_v2/units/video_048D_breakout_mode_opening_range.md;raw:knowledge/raw/brooks/transcribed_v2/al_brooks_price_action_course_v2/units/video_008C_candles_ttr_ii_ioi_breakout_mode.md;raw:knowledge/raw/brooks/transcribed_v2/al_brooks_price_action_course_v2/units/video_026A_triangles_ttr_wedges_flags_reversal_or_continuation.md,M10-PA-012,开盘区间突破,ADBE,15m
2026-06-01T11:15:00,273.77,native_current_session_5m_cache,看涨,11.47,10.30,273.5250,44.5434,262.3000,284.0700,已触发观察,等待收盘复核,500.00,高,10.91,0.01,raw:knowledge/raw/brooks/transcribed_v2/al_brooks_price_action_course_v2/units/video_048D_breakout_mode_opening_range.md;raw:knowledge/raw/brooks/transcribed_v2/al_brooks_price_action_course_v2/units/video_008C_candles_ttr_ii_ioi_breakout_mode.md;raw:knowledge/raw/brooks/transcribed_v2/al_brooks_price_action_course_v2/units/video_026A_triangles_ttr_wedges_flags_reversal_or_continuation.md,M10-PA-012,开盘区间突破,ADBE,5m
2026-06-01T16:00:00-04:00,263.72,native_daily_cache,看涨,102.33,217.51,268.0000,4.6898,161.3860,481.2280,观察名单,等待收盘复核,500.00,高,-20.07,-0.02,raw:knowledge/raw/brooks/transcribed_v2/al_brooks_price_action_course_v2/units/video_009A_pullbacks_bar_counting_basics_high_low_1_2.md;raw:knowledge/raw/brooks/transcribed_v2/al_brooks_price_action_course_v2/units/video_009C_pullbacks_endless_higher_lower_timeframes_countertrend_exit.md;raw:knowledge/raw/brooks/transcribed_v2/al_brooks_price_action_course_v2/units/video_014E_trends_tight_channel_small_pullback.md;raw:knowledge/raw/youtube/fangfangtu/transcripts/Price_Action方方土.pdf;raw:knowledge/raw/youtube/fangfangtu/transcripts/Price_Action方方土.pdf;raw:knowledge/raw/notes/方方土视频笔记 - 回调&数K线.pdf;raw:knowledge/raw/notes/方方土视频笔记 - 市场周期.pdf,M10-PA-001,趋势回调二次入场,SNOW,1d
2026-06-01T10:10:00,282.51,derived_from_5m_current,看涨,24.20,2.67,274.1750,31.5159,258.3100,285.1750,已触发观察,等待收盘复核,500.00,高,262.69,0.26,raw:knowledge/raw/brooks/transcribed_v2/al_brooks_price_action_course_v2/units/video_048D_breakout_mode_opening_range.md;raw:knowledge/raw/brooks/transcribed_v2/al_brooks_price_action_course_v2/units/video_008C_candles_ttr_ii_ioi_breakout_mode.md;raw:knowledge/raw/brooks/transcribed_v2/al_brooks_price_action_course_v2/units/video_026A_triangles_ttr_wedges_flags_reversal_or_continuation.md,M10-PA-012,开盘区间突破,SNOW,15m
2026-06-01T10:00:00,282.51,native_current_session_5m_cache,看涨,24.20,-1.37,270.1400,42.2654,258.3100,281.1400,已触发观察,等待收盘复核,500.00,高,522.82,0.52,raw:knowledge/raw/brooks/transcribed_v2/al_brooks_price_action_course_v2/units/video_048D_breakout_mode_opening_range.md;raw:knowledge/raw/brooks/transcribed_v2/al_brooks_price_action_course_v2/units/video_008C_candles_ttr_ii_ioi_breakout_mode.md;raw:knowledge/raw/brooks/transcribed_v2/al_brooks_price_action_course_v2/units/video_026A_triangles_ttr_wedges_flags_reversal_or_continuation.md,M10-PA-012,开盘区间突破,SNOW,5m
2026-06-01T15:55:00,160.51,native_current_session_5m_cache,看跌,1.11,2.91,160.2800,373.1343,161.6200,157.6000,观察名单,等待收盘复核,500.00,中,-85.82,-0.09,raw:knowledge/raw/brooks/transcribed_v2/al_brooks_price_action_course_v2/units/video_009A_pullbacks_bar_counting_basics_high_low_1_2.md;raw:knowledge/raw/brooks/transcribed_v2/al_brooks_price_action_course_v2/units/video_009C_pullbacks_endless_higher_lower_timeframes_countertrend_exit.md;raw:knowledge/raw/brooks/transcribed_v2/al_brooks_price_action_course_v2/units/video_014E_trends_tight_channel_small_pullback.md;raw:knowledge/raw/youtube/fangfangtu/transcripts/Price_Action方方土.pdf;raw:knowledge/raw/youtube/fangfangtu/transcripts/Price_Action方方土.pdf;raw:knowledge/raw/notes/方方土视频笔记 - 回调&数K线.pdf;raw:knowledge/raw/notes/方方土视频笔记 - 市场周期.pdf,M10-PA-001,趋势回调二次入场,PLTR,5m
2026-06-01T10:25:00,160.51,derived_from_5m_current,看跌,1.59,9.35,156.2600,85.6164,162.1000,151.1600,已触发观察,等待收盘复核,500.00,高,-363.87,-0.36,raw:knowledge/raw/brooks/transcribed_v2/al_brooks_price_action_course_v2/units/video_048D_breakout_mode_opening_range.md;raw:knowledge/raw/brooks/transcribed_v2/al_brooks_price_action_course_v2/units/video_008C_candles_ttr_ii_ioi_breakout_mode.md;raw:knowledge/raw/brooks/transcribed_v2/al_brooks_price_action_course_v2/units/video_026A_triangles_ttr_wedges_flags_reversal_or_continuation.md,M10-PA-012,开盘区间突破,PLTR,15m
2026-06-01T10:25:00,160.51,native_current_session_5m_cache,看跌,1.59,9.35,156.2600,85.6164,162.1000,151.1600,已触发观察,等待收盘复核,500.00,高,-363.87,-0.36,raw:knowledge/raw/brooks/transcribed_v2/al_brooks_price_action_course_v2/units/video_048D_breakout_mode_opening_range.md;raw:knowledge/raw/brooks/transcribed_v2/al_brooks_price_action_course_v2/units/video_008C_candles_ttr_ii_ioi_breakout_mode.md;raw:knowledge/raw/brooks/transcribed_v2/al_brooks_price_action_course_v2/units/video_026A_triangles_ttr_wedges_flags_reversal_or_continuation.md,M10-PA-012,开盘区间突破,PLTR,5m
2026-06-01T15:55:00,301.15,native_current_session_5m_cache,看涨,1.31,3.30,301.3800,325.7329,299.8450,304.4500,观察名单,等待收盘复核,500.00,中,-74.92,-0.07,raw:knowledge/raw/brooks/transcribed_v2/al_brooks_price_action_course_v2/units/video_009A_pullbacks_bar_counting_basics_high_low_1_2.md;raw:knowledge/raw/brooks/transcribed_v2/al_brooks_price_action_course_v2/units/video_009C_pullbacks_endless_higher_lower_timeframes_countertrend_exit.md;raw:knowledge/raw/brooks/transcribed_v2/al_brooks_price_action_course_v2/units/video_014E_trends_tight_channel_small_pullback.md;raw:knowledge/raw/youtube/fangfangtu/transcripts/Price_Action方方土.pdf;raw:knowledge/raw/youtube/fangfangtu/transcripts/Price_Action方方土.pdf;raw:knowledge/raw/notes/方方土视频笔记 - 回调&数K线.pdf;raw:knowledge/raw/notes/方方土视频笔记 - 市场周期.pdf,M10-PA-001,趋势回调二次入场,PANW,5m
2026-06-01T10:10:00,301.15,derived_from_5m_current,看涨,17.35,-7.16,289.5300,87.2600,283.8000,293.9870,已触发观察,等待收盘复核,500.00,高,1013.96,1.01,raw:knowledge/raw/brooks/transcribed_v2/al_brooks_price_action_course_v2/units/video_048D_breakout_mode_opening_range.md;raw:knowledge/raw/brooks/transcribed_v2/al_brooks_price_action_course_v2/units/video_008C_candles_ttr_ii_ioi_breakout_mode.md;raw:knowledge/raw/brooks/transcribed_v2/al_brooks_price_action_course_v2/units/video_026A_triangles_ttr_wedges_flags_reversal_or_continuation.md,M10-PA-012,开盘区间突破,PANW,15m
2026-06-01T10:10:00,301.15,native_current_session_5m_cache,看涨,17.35,-7.16,289.5300,87.2600,283.8000,293.9870,已触发观察,等待收盘复核,500.00,高,1013.96,1.01,raw:knowledge/raw/brooks/transcribed_v2/al_brooks_price_action_course_v2/units/video_048D_breakout_mode_opening_range.md;raw:knowledge/raw/brooks/transcribed_v2/al_brooks_price_action_course_v2/units/video_008C_candles_ttr_ii_ioi_breakout_mode.md;raw:knowledge/raw/brooks/transcribed_v2/al_brooks_price_action_course_v2/units/video_026A_triangles_ttr_wedges_flags_reversal_or_continuation.md,M10-PA-012,开盘区间突破,PANW,5m
2026-06-01T16:00:00-04:00,286.85,native_daily_cache,看涨,3.05,8.68,287.71,127.8772,283.80,295.53,已触发观察,等待收盘复核,500.00,中,-109.97,-0.11,wiki:knowledge/wiki/sources/fangfangtu-market-cycle-note.md;raw:knowledge/raw/notes/方方土视频笔记 - 市场周期.pdf;wiki:knowledge/wiki/sources/fangfangtu-signal-bar-entry-note.md;raw:knowledge/raw/notes/方方土视频笔记 - 信号K线 & 入场.pdf,M12-FTD-001,方方土日线趋势顺势信号K,PANW,1d
