direction,display_name,entry_price,lane,latest_price,opened_at,pnl,position_size_multiplier,quantity,record_type,runtime_id,runtime_repair_policy,signal_time,state,stop_price,strategy_id,symbol,target_price,timeframe
看涨,M10-PA-013 救援五分钟账户,46.82,rescue,46.84,2026-07-01T20:08:20Z,7.78,1.00,389.2448,open_position,M10-PA-013-m14-modify-20260522-5m,,2026-07-01T15:50:00,观察中,46.61,M10-PA-013-m14-modify-20260522,ENPH,47.24,5m
看涨,M10-PA-013 五分钟实验账户,46.82,experimental,46.84,2026-07-01T20:00:03Z,0.00,0.50,0.0002,open_position,M10-PA-013-5m,support_resistance_failure_quality_filter,2026-07-01T15:50:00,观察中,46.61,M10-PA-013,ENPH,47.24,5m
看跌,M10-PA-013 五分钟实验账户,360.90,experimental,361.21,2026-07-01T20:08:20Z,-19.05,0.50,61.4608,open_position,M10-PA-013-5m,support_resistance_failure_quality_filter,2026-07-01T15:50:00,观察中,361.45,M10-PA-013,GOOGL,359.80,5m
看跌,M10-PA-002 五分钟账户,746.22,mainline,745.76,2026-07-01T19:50:02Z,9.33,0.10,20.2931,open_position,M10-PA-002-5m,false_breakout_confirmation_cooldown,2026-07-01T15:50:00,观察中,746.80,M10-PA-002,SPY,745.06,5m
看跌,M10-PA-002 五分钟账户,299.66,mainline,299.32,2026-07-01T19:50:02Z,9.53,0.10,28.0159,open_position,M10-PA-002-5m,false_breakout_confirmation_cooldown,2026-07-01T15:50:00,观察中,300.01,M10-PA-002,IWM,298.94,5m
看涨,M10-PA-013 救援五分钟账户,232.82,rescue,232.49,2026-07-01T20:00:03Z,-25.87,1.00,78.3881,closed_trade,M10-PA-013-m14-modify-20260522-5m,,2026-07-01T15:50:00,止损,232.49,M10-PA-013-m14-modify-20260522,FSLR,233.48,5m
看跌,M10-PA-013 五分钟实验账户,520.65,experimental,520.90,2026-07-01T20:00:03Z,-10.66,0.50,42.6234,closed_trade,M10-PA-013-5m,support_resistance_failure_quality_filter,2026-07-01T15:50:00,止损,520.90,M10-PA-013,LMT,520.16,5m
看跌,M10-PA-013 五分钟实验账户,109.20,experimental,108.65,2026-07-01T20:24:56Z,0.00,0.50,0.0001,open_position,M10-PA-013-5m,support_resistance_failure_quality_filter,2026-07-01T15:40:00,观察中,109.53,M10-PA-013,HOOD,108.54,5m
看涨,M10-PA-005 五分钟实验账户,109.80,experimental,109.74,2026-07-01T19:40:01Z,-4.66,0.25,77.6147,open_position,M10-PA-005-5m,failed_breakout_quality_cooldown,2026-07-01T15:40:00,观察中,109.63,M10-PA-005,XLC,110.16,5m
看涨,M10-PA-013 五分钟实验账户,44.66,experimental,44.70,2026-07-01T20:08:20Z,0.00,0.50,0.0002,closed_trade,M10-PA-013-5m,support_resistance_failure_quality_filter,2026-07-01T15:40:00,止盈,44.64,M10-PA-013,XLU,44.70,5m
看涨,M10-PA-013 五分钟实验账户,124.85,experimental,125.13,2026-07-01T20:16:38Z,0.00,0.50,0.0001,closed_trade,M10-PA-013-5m,support_resistance_failure_quality_filter,2026-07-01T15:40:00,止盈,124.71,M10-PA-013,MRK,125.13,5m
看跌,M10-PA-002 五分钟账户,53.86,mainline,53.80,2026-07-01T19:40:01Z,18.09,0.10,301.5243,closed_trade,M10-PA-002-5m,false_breakout_confirmation_cooldown,2026-07-01T15:40:00,止盈,53.88,M10-PA-002,SLV,53.80,5m
看跌,M10-PA-001 五分钟账户,746.94,mainline,745.76,2026-07-01T19:30:00Z,15.24,0.10,12.9129,open_position,M10-PA-001-5m,entry_quality_stop_distance_loss_cooldown,2026-07-01T15:30:00,观察中,747.69,M10-PA-001,SPY,745.44,5m
看跌,M10-PA-001 五分钟账户,54.78,mainline,54.78,2026-07-01T19:30:00Z,0.00,0.10,0.0004,open_position,M10-PA-001-5m,entry_quality_stop_distance_loss_cooldown,2026-07-01T15:30:00,观察中,54.86,M10-PA-001,XLF,54.63,5m
看跌,M10-PA-002 五分钟账户,82.91,mainline,82.97,2026-07-01T19:30:00Z,-11.76,0.10,196.0000,closed_trade,M10-PA-002-5m,false_breakout_confirmation_cooldown,2026-07-01T15:30:00,止损,82.97,M10-PA-002,XLP,82.79,5m
看跌,M10-PA-002 五分钟账户,270.12,mainline,269.72,2026-07-01T19:30:00Z,10.77,0.10,26.9168,closed_trade,M10-PA-002-5m,false_breakout_confirmation_cooldown,2026-07-01T15:30:00,止盈,270.32,M10-PA-002,MCD,269.72,5m
看跌,M10-PA-001 五分钟账户,54.80,mainline,54.78,2026-07-01T19:19:59Z,1.51,0.10,75.4834,open_position,M10-PA-001-5m,entry_quality_stop_distance_loss_cooldown,2026-07-01T15:20:00,观察中,54.87,M10-PA-001,XLF,54.66,5m
看涨,M10-PA-013 救援五分钟账户,109.88,rescue,109.69,2026-07-01T19:19:59Z,-31.61,1.00,166.3807,closed_trade,M10-PA-013-m14-modify-20260522-5m,,2026-07-01T15:20:00,止损,109.69,M10-PA-013-m14-modify-20260522,UPS,110.28,5m
看涨,M10-PA-013 五分钟实验账户,109.88,experimental,109.69,2026-07-01T19:19:59Z,-38.44,0.50,202.3145,closed_trade,M10-PA-013-5m,support_resistance_failure_quality_filter,2026-07-01T15:20:00,止损,109.69,M10-PA-013,UPS,110.28,5m
看跌,M10-PA-002 五分钟账户,118.33,mainline,118.19,2026-07-01T19:19:59Z,6.66,0.10,47.5952,closed_trade,M10-PA-002-5m,false_breakout_confirmation_cooldown,2026-07-01T15:20:00,止盈,118.40,M10-PA-002,XLY,118.19,5m
看跌,M10-PA-002 五分钟账户,118.42,mainline,118.28,2026-07-01T19:09:58Z,21.12,0.10,150.8309,closed_trade,M10-PA-002-5m,false_breakout_confirmation_cooldown,2026-07-01T15:10:00,止盈,118.49,M10-PA-002,XLY,118.28,5m
看涨,M10-PA-013 救援五分钟账户,185.84,rescue,186.56,2026-07-01T18:59:56Z,70.56,1.00,97.9948,closed_trade,M10-PA-013-m14-modify-20260522-5m,,2026-07-01T15:00:00,止盈,185.48,M10-PA-013-m14-modify-20260522,XLK,186.56,5m
看涨,M10-PA-013 救援五分钟账户,85.63,rescue,85.56,2026-07-01T18:59:56Z,-0.00,1.00,0.0001,closed_trade,M10-PA-013-m14-modify-20260522-5m,,2026-07-01T15:00:00,止损,85.56,M10-PA-013-m14-modify-20260522,TLT,85.76,5m
看涨,M10-PA-013 五分钟实验账户,185.84,experimental,186.56,2026-07-01T18:59:56Z,85.79,0.50,119.1591,closed_trade,M10-PA-013-5m,support_resistance_failure_quality_filter,2026-07-01T15:00:00,止盈,185.48,M10-PA-013,XLK,186.56,5m
看跌,M10-PA-001 五分钟账户,109.93,mainline,109.74,2026-07-01T18:49:46Z,5.30,0.10,27.9192,open_position,M10-PA-001-5m,entry_quality_stop_distance_loss_cooldown,2026-07-01T14:50:00,观察中,110.18,M10-PA-001,XLC,109.44,5m
看涨,M10-PA-013 救援五分钟账户,274.23,rescue,273.50,2026-07-01T18:49:46Z,-48.61,1.00,66.5863,closed_trade,M10-PA-013-m14-modify-20260522-5m,,2026-07-01T14:50:00,止损,273.50,M10-PA-013-m14-modify-20260522,MRVL,275.69,5m
看涨,M10-PA-013 救援五分钟账户,103.04,rescue,103.01,2026-07-01T18:49:46Z,-0.00,1.00,0.0001,closed_trade,M10-PA-013-m14-modify-20260522-5m,,2026-07-01T14:50:00,止损,103.01,M10-PA-013-m14-modify-20260522,EFA,103.09,5m
看跌,M10-PA-013 五分钟实验账户,48.24,experimental,48.09,2026-07-01T18:49:46Z,68.64,0.50,457.6262,closed_trade,M10-PA-013-5m,support_resistance_failure_quality_filter,2026-07-01T14:50:00,止盈,48.32,M10-PA-013,OXY,48.09,5m
看涨,M10-PA-001 五分钟账户,83.25,mainline,83.02,2026-07-01T18:49:46Z,-9.58,0.10,41.6596,closed_trade,M10-PA-001-5m,entry_quality_stop_distance_loss_cooldown,2026-07-01T14:50:00,止损,83.02,M10-PA-001,XLP,83.72,5m
看涨,M10-PA-005 五分钟实验账户,424.55,experimental,426.29,2026-07-01T18:49:46Z,34.78,0.25,19.9913,closed_trade,M10-PA-005-5m,failed_breakout_quality_cooldown,2026-07-01T14:45:00,止盈,423.68,M10-PA-005,TSLA,426.29,5m
看跌,M10-PA-005 五分钟实验账户,85.85,experimental,85.94,2026-07-01T18:39:41Z,-10.34,0.25,114.9000,open_position,M10-PA-005-5m,failed_breakout_quality_cooldown,2026-07-01T14:35:00,观察中,86.05,M10-PA-005,WFC,85.45,5m
看跌,M10-PA-005 五分钟实验账户,253.18,experimental,253.40,2026-07-01T18:39:41Z,-0.63,0.25,2.8843,closed_trade,M10-PA-005-5m,failed_breakout_quality_cooldown,2026-07-01T14:35:00,止损,253.40,M10-PA-005,JNJ,252.74,5m
看跌,M10-PA-001 五分钟账户,747.00,mainline,745.76,2026-07-01T18:29:25Z,0.73,0.10,0.5905,open_position,M10-PA-001-5m,entry_quality_stop_distance_loss_cooldown,2026-07-01T14:30:00,观察中,747.69,M10-PA-001,SPY,745.63,5m
看涨,M10-PA-002 五分钟账户,1747.05,mainline,1745.52,2026-07-01T18:29:25Z,-7.63,0.10,4.9865,closed_trade,M10-PA-002-5m,false_breakout_confirmation_cooldown,2026-07-01T14:30:00,止损,1745.52,M10-PA-002,MELI,1750.11,5m
看涨,M10-PA-013 救援五分钟账户,747.25,rescue,746.71,2026-07-01T18:19:23Z,-13.21,1.00,24.4539,closed_trade,M10-PA-013-m14-modify-20260522-5m,,2026-07-01T14:20:00,止损,746.71,M10-PA-013-m14-modify-20260522,SPY,748.33,5m
看涨,M10-PA-013 五分钟实验账户,747.25,experimental,746.71,2026-07-01T18:19:23Z,-15.96,0.50,29.5642,closed_trade,M10-PA-013-5m,support_resistance_failure_quality_filter,2026-07-01T14:20:00,止损,746.71,M10-PA-013,SPY,748.33,5m
看涨,M10-PA-001 五分钟账户,54.90,mainline,54.83,2026-07-01T18:19:23Z,-8.35,0.10,119.2295,closed_trade,M10-PA-001-5m,entry_quality_stop_distance_loss_cooldown,2026-07-01T14:20:00,止损,54.83,M10-PA-001,XLF,55.04,5m
看跌,M10-PA-001 五分钟账户,103.67,mainline,103.84,2026-07-01T18:09:11Z,-0.72,0.10,4.2615,closed_trade,M10-PA-001-5m,entry_quality_stop_distance_loss_cooldown,2026-07-01T14:10:00,止损,103.84,M10-PA-001,USO,103.33,5m
看跌,M10-PA-001 五分钟账户,186.16,mainline,186.60,2026-07-01T18:09:11Z,-9.80,0.10,22.2727,closed_trade,M10-PA-001-5m,entry_quality_stop_distance_loss_cooldown,2026-07-01T14:10:00,止损,186.60,M10-PA-001,XLK,185.28,5m
看跌,M10-PA-001 五分钟账户,110.12,mainline,109.76,2026-07-01T18:09:11Z,20.16,0.10,56.0000,closed_trade,M10-PA-001-5m,entry_quality_stop_distance_loss_cooldown,2026-07-01T14:10:00,止盈,110.29,M10-PA-001,XLC,109.76,5m
看跌,M10-PA-001 五分钟账户,186.06,mainline,185.62,2026-07-01T17:58:53Z,5.39,0.10,12.2500,open_position,M10-PA-001-5m,entry_quality_stop_distance_loss_cooldown,2026-07-01T14:00:00,观察中,186.86,M10-PA-001,XLK,184.46,5m
看涨,M10-PA-001 五分钟账户,54.92,mainline,54.87,2026-07-01T17:58:53Z,-9.80,0.10,196.0000,closed_trade,M10-PA-001-5m,entry_quality_stop_distance_loss_cooldown,2026-07-01T14:00:00,止损,54.87,M10-PA-001,XLF,55.02,5m
看涨,M10-PA-001 五分钟账户,52.91,mainline,52.84,2026-07-01T17:58:53Z,-8.67,0.10,123.8777,closed_trade,M10-PA-001-5m,entry_quality_stop_distance_loss_cooldown,2026-07-01T14:00:00,止损,52.84,M10-PA-001,XLE,53.04,5m
看跌,M10-PA-005 五分钟实验账户,173.31,experimental,173.55,2026-07-01T17:58:53Z,-14.69,0.25,61.2146,closed_trade,M10-PA-005-5m,failed_breakout_quality_cooldown,2026-07-01T13:55:00,止损,173.55,M10-PA-005,TMUS,172.83,5m
看跌,M10-PA-005 五分钟实验账户,108.30,experimental,108.62,2026-07-01T17:58:53Z,-22.99,0.25,71.8438,closed_trade,M10-PA-005-5m,failed_breakout_quality_cooldown,2026-07-01T13:55:00,止损,108.62,M10-PA-005,WMT,107.66,5m
看跌,M10-PA-002 五分钟账户,265.36,mainline,264.24,2026-07-01T17:58:53Z,2.44,0.10,2.1752,closed_trade,M10-PA-002-5m,false_breakout_confirmation_cooldown,2026-07-01T13:55:00,止盈,265.92,M10-PA-002,DDOG,264.24,5m
看跌,M10-PA-002 五分钟账户,401.99,mainline,402.57,2026-07-01T17:48:48Z,-11.75,0.10,20.2586,closed_trade,M10-PA-002-5m,false_breakout_confirmation_cooldown,2026-07-01T13:45:00,止损,402.57,M10-PA-002,ISRG,400.83,5m
看跌,M10-PA-002 五分钟账户,353.70,mainline,352.80,2026-07-01T17:48:48Z,23.24,0.10,25.8242,closed_trade,M10-PA-002-5m,false_breakout_confirmation_cooldown,2026-07-01T13:45:00,止盈,354.16,M10-PA-002,HD,352.80,5m
看涨,M10-PA-013 救援五分钟账户,42.00,rescue,41.94,2026-07-01T17:28:21Z,-26.14,1.00,435.6981,closed_trade,M10-PA-013-m14-modify-20260522-5m,,2026-07-01T13:30:00,止损,41.94,M10-PA-013-m14-modify-20260522,VZ,42.12,5m
看涨,M10-PA-013 五分钟实验账户,42.00,experimental,41.94,2026-07-01T17:28:21Z,-31.60,0.50,526.7488,closed_trade,M10-PA-013-5m,support_resistance_failure_quality_filter,2026-07-01T13:30:00,止损,41.94,M10-PA-013,VZ,42.12,5m
看涨,M10-PA-002 五分钟账户,173.06,mainline,172.70,2026-07-01T17:28:21Z,-11.74,0.10,32.6111,closed_trade,M10-PA-002-5m,false_breakout_confirmation_cooldown,2026-07-01T13:25:00,止损,172.70,M10-PA-002,TMUS,173.78,5m
看跌,M10-PA-005 五分钟实验账户,160.78,experimental,160.96,2026-07-01T17:28:21Z,-20.61,0.25,114.5067,closed_trade,M10-PA-005-5m,failed_breakout_quality_cooldown,2026-07-01T13:20:00,止损,160.96,M10-PA-005,YUM,160.42,5m
看涨,M10-PA-011 ORB-R1 五分钟救援账户,217.89,rescue,219.21,2026-07-01T17:28:21Z,15.37,0.10,11.6477,closed_trade,M10-PA-011-ORB-R1-5m,orb_failed_breakout_retest_only,2026-07-01T13:10:00,止盈,217.01,M10-PA-011-ORB-R1,BA,219.21,5m
看涨,M10-PA-011 五分钟实验账户,217.89,experimental,219.21,2026-07-01T17:28:21Z,14.66,0.10,11.1023,closed_trade,M10-PA-011-5m,orb_failed_breakout_retest_only,2026-07-01T13:10:00,止盈,217.01,M10-PA-011,BA,219.21,5m
看跌,M10-PA-011 ORB-R1 五分钟救援账户,48.17,rescue,47.96,2026-07-01T17:28:21Z,15.38,0.10,73.2143,closed_trade,M10-PA-011-ORB-R1-5m,orb_failed_breakout_retest_only,2026-07-01T13:05:00,止盈,48.31,M10-PA-011-ORB-R1,OXY,47.96,5m
看跌,M10-PA-011 ORB-R1 五分钟救援账户,549.60,rescue,543.46,2026-07-01T17:28:21Z,15.39,0.10,2.5061,closed_trade,M10-PA-011-ORB-R1-5m,orb_failed_breakout_retest_only,2026-07-01T13:05:00,止盈,553.69,M10-PA-011-ORB-R1,AMD,543.46,5m
看跌,M10-PA-011 五分钟实验账户,48.17,experimental,47.96,2026-07-01T17:28:21Z,14.65,0.10,69.7857,closed_trade,M10-PA-011-5m,orb_failed_breakout_retest_only,2026-07-01T13:05:00,止盈,48.31,M10-PA-011,OXY,47.96,5m
看跌,M10-PA-011 五分钟实验账户,549.60,experimental,543.46,2026-07-01T17:28:21Z,14.67,0.10,2.3888,closed_trade,M10-PA-011-5m,orb_failed_breakout_retest_only,2026-07-01T13:05:00,止盈,553.69,M10-PA-011,AMD,543.46,5m
看跌,M10-PA-011 ORB-R1 五分钟救援账户,85.50,rescue,85.74,2026-07-01T17:28:21Z,-10.25,0.10,42.7083,closed_trade,M10-PA-011-ORB-R1-5m,orb_failed_breakout_retest_only,2026-07-01T12:55:00,止损,85.74,M10-PA-011-ORB-R1,WFC,85.13,5m
看跌,M10-PA-011 五分钟实验账户,85.50,experimental,85.74,2026-07-01T17:28:21Z,-9.77,0.10,40.7083,closed_trade,M10-PA-011-5m,orb_failed_breakout_retest_only,2026-07-01T12:55:00,止损,85.74,M10-PA-011,WFC,85.13,5m
看跌,M10-PA-011 ORB-R1 五分钟救援账户,334.30,rescue,334.07,2026-07-01T17:28:21Z,1.70,0.10,7.3741,open_position,M10-PA-011-ORB-R1-5m,orb_failed_breakout_retest_only,2026-07-01T12:50:00,观察中,335.69,M10-PA-011-ORB-R1,JPM,332.21,5m
看跌,M10-PA-011 五分钟实验账户,334.30,experimental,334.07,2026-07-01T17:28:21Z,1.62,0.10,7.0288,open_position,M10-PA-011-5m,orb_failed_breakout_retest_only,2026-07-01T12:50:00,观察中,335.69,M10-PA-011,JPM,332.21,5m
看跌,M10-PA-011 ORB-R1 五分钟救援账户,24.10,rescue,23.93,2026-07-01T17:28:21Z,15.84,0.10,93.1818,closed_trade,M10-PA-011-ORB-R1-5m,orb_failed_breakout_retest_only,2026-07-01T12:50:00,止盈,24.21,M10-PA-011-ORB-R1,CMCSA,23.93,5m
看跌,M10-PA-011 ORB-R1 五分钟救援账户,13.79,rescue,13.67,2026-07-01T17:28:21Z,15.38,0.10,128.1250,closed_trade,M10-PA-011-ORB-R1-5m,orb_failed_breakout_retest_only,2026-07-01T12:50:00,止盈,13.87,M10-PA-011-ORB-R1,F,13.67,5m
看跌,M10-PA-011 五分钟实验账户,24.10,experimental,23.93,2026-07-01T17:28:21Z,15.10,0.10,88.8182,closed_trade,M10-PA-011-5m,orb_failed_breakout_retest_only,2026-07-01T12:50:00,止盈,24.21,M10-PA-011,CMCSA,23.93,5m
看跌,M10-PA-011 五分钟实验账户,13.79,experimental,13.67,2026-07-01T17:28:21Z,14.66,0.10,122.1250,closed_trade,M10-PA-011-5m,orb_failed_breakout_retest_only,2026-07-01T12:50:00,止盈,13.87,M10-PA-011,F,13.67,5m
看涨,M10-PA-011 ORB-R1 五分钟救援账户,1191.61,rescue,1187.62,2026-07-01T17:28:21Z,-9.82,0.10,2.4604,closed_trade,M10-PA-011-ORB-R1-5m,orb_failed_breakout_retest_only,2026-07-01T12:40:00,止损,1187.62,M10-PA-011-ORB-R1,LLY,1197.60,5m
看涨,M10-PA-011 五分钟实验账户,1191.61,experimental,1187.62,2026-07-01T17:28:21Z,-9.32,0.10,2.3360,closed_trade,M10-PA-011-5m,orb_failed_breakout_retest_only,2026-07-01T12:40:00,止损,1187.62,M10-PA-011,LLY,1197.60,5m
看涨,M10-PA-011 ORB-R1 五分钟救援账户,523.02,rescue,521.48,2026-07-01T17:28:21Z,-0.00,0.10,0.0001,closed_trade,M10-PA-011-ORB-R1-5m,orb_failed_breakout_retest_only,2026-07-01T12:35:00,止损,521.48,M10-PA-011-ORB-R1,LMT,525.33,5m
看涨,M10-PA-011 五分钟实验账户,523.02,experimental,521.48,2026-07-01T17:28:21Z,-0.00,0.10,0.0001,closed_trade,M10-PA-011-5m,orb_failed_breakout_retest_only,2026-07-01T12:35:00,止损,521.48,M10-PA-011,LMT,525.33,5m
看涨,M10-PA-012 1.0R目标修复影子账户,745.40,rescue,745.76,2026-07-01T17:28:21Z,8.86,1.00,24.6211,open_position,M10-PA-012-m14-modify-20260522-target-stop-risk_normalized_1_0r-shadow-5m,,2026-07-01T10:00:00,观察中,742.38,M10-PA-012-m14-modify-20260522-target-stop-risk_normalized_1_0r-shadow,SPY,748.44,5m
看涨,M12-FTD-001 救援日线账户,748.02,rescue,745.76,2026-07-01T13:25:01Z,-27.24,1.00,12.0533,open_position,M12-FTD-001-m14-modify-20260522-1d,,2026-06-30T16:00:00-04:00,观察中,740.89,M12-FTD-001-m14-modify-20260522,SPY,762.28,1d
看涨,M12-FTD-001 救援日线账户,370.61,rescue,369.27,2026-07-01T13:25:01Z,-0.00,1.00,0.0001,open_position,M12-FTD-001-m14-modify-20260522-1d,,2026-06-30T16:00:00-04:00,观察中,367.09,M12-FTD-001-m14-modify-20260522,VTI,377.65,1d
看跌,M12-FTD-001 连亏保护日线账户,82.95,mainline,83.30,2026-07-01T13:25:01Z,-34.92,1.00,99.7719,open_position,M12-FTD-001-loss-streak-guard-1d,trend_filter_loss_streak_guard,2026-06-30T16:00:00-04:00,观察中,84.09,M12-FTD-001,XLP,80.67,1d
看跌,M12-FTD-001 连亏保护日线账户,45.32,mainline,44.77,2026-07-01T13:25:01Z,99.30,1.00,180.5397,open_position,M12-FTD-001-loss-streak-guard-1d,trend_filter_loss_streak_guard,2026-06-30T16:00:00-04:00,观察中,45.95,M12-FTD-001,XLU,44.07,1d
看涨,M12-FTD-001 连亏保护日线账户,80.98,mainline,81.85,2026-07-01T13:25:01Z,66.41,1.00,76.3356,open_position,M12-FTD-001-loss-streak-guard-1d,trend_filter_loss_streak_guard,2026-06-30T16:00:00-04:00,观察中,79.49,M12-FTD-001,ARKK,83.95,1d
看涨,M12-FTD-001 连亏保护日线账户,358.62,mainline,361.21,2026-07-01T13:25:01Z,2.13,1.00,0.8205,open_position,M12-FTD-001-loss-streak-guard-1d,trend_filter_loss_streak_guard,2026-06-30T16:00:00-04:00,观察中,350.40,M12-FTD-001,GOOGL,375.06,1d
看跌,M12-FTD-001 原版日线账户,82.95,mainline,83.30,2026-07-01T13:25:01Z,-36.47,1.00,104.2105,open_position,M12-FTD-001-baseline-1d,trend_filter_reference_only,2026-06-30T16:00:00-04:00,观察中,84.09,M12-FTD-001,XLP,80.67,1d
看跌,M12-FTD-001 原版日线账户,45.32,mainline,44.77,2026-07-01T13:25:01Z,103.71,1.00,188.5714,open_position,M12-FTD-001-baseline-1d,trend_filter_reference_only,2026-06-30T16:00:00-04:00,观察中,45.95,M12-FTD-001,XLU,44.07,1d
看涨,M12-FTD-001 原版日线账户,80.98,mainline,81.85,2026-07-01T13:25:01Z,69.37,1.00,79.7315,open_position,M12-FTD-001-baseline-1d,trend_filter_reference_only,2026-06-30T16:00:00-04:00,观察中,79.49,M12-FTD-001,ARKK,83.95,1d
看涨,M12-FTD-001 原版日线账户,358.62,mainline,361.21,2026-07-01T13:25:01Z,2.22,1.00,0.8590,open_position,M12-FTD-001-baseline-1d,trend_filter_reference_only,2026-06-30T16:00:00-04:00,观察中,350.40,M12-FTD-001,GOOGL,375.06,1d
看涨,M10-PA-009 救援日线账户,237.35,rescue,241.70,2026-07-01T13:25:01Z,37.00,1.00,8.5059,open_position,M10-PA-009-m14-modify-20260522-1d,,2026-06-30T16:00:00-04:00,观察中,225.55,M10-PA-009-m14-modify-20260522,AMZN,260.95,1d
看涨,M10-PA-009 日线实验账户,237.35,experimental,241.70,2026-07-01T13:25:01Z,3.69,0.10,0.8475,open_position,M10-PA-009-1d,weak_wedge_signal_filter,2026-06-30T16:00:00-04:00,观察中,225.55,M10-PA-009,AMZN,260.95,1d
看跌,M10-PA-008 风险上限影子账户,51.07,rescue,51.02,2026-07-01T13:25:01Z,2.17,1.00,43.3571,open_position,M10-PA-008-broker-risk-cap-shadow-1d,,2026-06-30T16:00:00-04:00,观察中,53.31,M10-PA-008-broker-risk-cap-shadow,XLB,46.59,1d
看涨,M10-PA-008 风险上限影子账户,80.00,rescue,79.59,2026-07-01T13:25:01Z,-71.11,1.00,173.4286,open_position,M10-PA-008-broker-risk-cap-shadow-1d,,2026-06-30T16:00:00-04:00,观察中,79.44,M10-PA-008-broker-risk-cap-shadow,HYG,81.11,1d
看跌,M10-PA-008 日线实验账户,51.07,experimental,51.02,2026-07-01T13:25:01Z,0.57,0.25,11.3571,open_position,M10-PA-008-1d,major_trend_reversal_risk_cap,2026-06-30T16:00:00-04:00,观察中,53.31,M10-PA-008,XLB,46.59,1d
看涨,M10-PA-008 日线实验账户,80.00,experimental,79.59,2026-07-01T13:25:01Z,-18.63,0.25,45.4286,open_position,M10-PA-008-1d,major_trend_reversal_risk_cap,2026-06-30T16:00:00-04:00,观察中,79.44,M10-PA-008,HYG,81.11,1d
看涨,M10-PA-007 救援日线账户,53.47,rescue,53.58,2026-07-01T13:41:02Z,3.53,1.00,32.0475,open_position,M10-PA-007-m14-modify-20260522-1d,,2026-06-30T16:00:00-04:00,观察中,50.31,M10-PA-007-m14-modify-20260522,SLV,59.79,1d
看涨,M10-PA-007 救援日线账户,92.27,rescue,95.78,2026-07-01T13:41:02Z,76.61,1.00,21.8254,open_position,M10-PA-007-m14-modify-20260522-1d,,2026-06-30T16:00:00-04:00,观察中,87.63,M10-PA-007-m14-modify-20260522,SCHW,101.55,1d
看涨,M10-PA-007 救援日线账户,736.40,rescue,725.17,2026-07-01T13:41:02Z,-35.59,1.00,3.1696,open_position,M10-PA-007-m14-modify-20260522-1d,,2026-06-30T16:00:00-04:00,观察中,704.45,M10-PA-007-m14-modify-20260522,QQQ,800.30,1d
看涨,M10-PA-007 救援日线账户,289.36,rescue,294.38,2026-07-01T18:59:56Z,22.81,1.00,4.5439,open_position,M10-PA-007-m14-modify-20260522-1d,,2026-06-30T16:00:00-04:00,观察中,273.75,M10-PA-007-m14-modify-20260522,AAPL,320.58,1d
看涨,M10-PA-007 日线实验账户,53.47,experimental,53.58,2026-07-01T13:41:02Z,0.36,0.10,3.2278,open_position,M10-PA-007-1d,second_leg_visual_evidence_required,2026-06-30T16:00:00-04:00,观察中,50.31,M10-PA-007,SLV,59.79,1d
看涨,M10-PA-007 日线实验账户,92.27,experimental,95.78,2026-07-01T13:41:02Z,7.72,0.10,2.1983,open_position,M10-PA-007-1d,second_leg_visual_evidence_required,2026-06-30T16:00:00-04:00,观察中,87.63,M10-PA-007,SCHW,101.55,1d
看跌,M10-PA-007 日线实验账户,102.19,experimental,103.39,2026-07-01T13:41:02Z,-8.16,0.10,6.8000,open_position,M10-PA-007-1d,second_leg_visual_evidence_required,2026-06-30T16:00:00-04:00,观察中,103.69,M10-PA-007,SBUX,99.19,1d
看涨,M10-PA-007 日线实验账户,736.40,experimental,725.17,2026-07-01T13:41:02Z,-3.58,0.10,0.3192,open_position,M10-PA-007-1d,second_leg_visual_evidence_required,2026-06-30T16:00:00-04:00,观察中,704.45,M10-PA-007,QQQ,800.30,1d
看跌,M10-PA-007 日线实验账户,109.07,experimental,108.46,2026-07-01T13:41:02Z,9.72,0.10,15.9375,open_position,M10-PA-007-1d,second_leg_visual_evidence_required,2026-06-30T16:00:00-04:00,观察中,109.71,M10-PA-007,LQD,107.79,1d
看涨,M10-PA-007 日线实验账户,289.36,experimental,294.38,2026-07-01T13:50:03Z,3.28,0.10,0.6534,open_position,M10-PA-007-1d,second_leg_visual_evidence_required,2026-06-30T16:00:00-04:00,观察中,273.75,M10-PA-007,AAPL,320.58,1d
看涨,M10-PA-002 救援日线账户,341.02,rescue,352.04,2026-07-01T13:25:01Z,78.37,1.00,7.1119,open_position,M10-PA-002-m14-modify-20260522-1d,,2026-06-30T16:00:00-04:00,观察中,327.35,M10-PA-002-m14-modify-20260522,PANW,368.36,1d
看涨,M10-PA-002 救援日线账户,34.00,rescue,35.00,2026-07-01T13:25:01Z,75.95,1.00,75.9531,open_position,M10-PA-002-m14-modify-20260522-1d,,2026-06-30T16:00:00-04:00,观察中,32.72,M10-PA-002-m14-modify-20260522,CMG,36.56,1d
看涨,M10-PA-002 日线账户,341.02,mainline,352.04,2026-07-01T13:25:01Z,19.44,0.25,1.7644,open_position,M10-PA-002-1d,,2026-06-30T16:00:00-04:00,观察中,327.35,M10-PA-002,PANW,368.36,1d
看跌,M10-PA-002 日线账户,96.25,mainline,95.71,2026-07-01T13:25:01Z,9.65,0.25,17.8667,open_position,M10-PA-002-1d,,2026-06-30T16:00:00-04:00,观察中,97.60,M10-PA-002,DIS,93.55,1d
看跌,M10-PA-002 日线账户,20.70,mainline,20.48,2026-07-01T13:25:01Z,5.05,0.25,22.9714,open_position,M10-PA-002-1d,,2026-06-30T16:00:00-04:00,观察中,21.75,M10-PA-002,T,18.60,1d
看跌,M10-PA-002 日线账户,42.34,mainline,41.99,2026-07-01T13:25:01Z,4.18,0.25,11.9406,open_position,M10-PA-002-1d,,2026-06-30T16:00:00-04:00,观察中,44.36,M10-PA-002,VZ,38.30,1d
看涨,M10-PA-002 日线账户,34.00,mainline,35.00,2026-07-01T13:25:01Z,18.84,0.25,18.8438,open_position,M10-PA-002-1d,,2026-06-30T16:00:00-04:00,观察中,32.72,M10-PA-002,CMG,36.56,1d
看涨,M10-PA-001 救援日线账户,748.02,rescue,745.76,2026-07-01T13:25:01Z,-5.70,1.00,2.5236,open_position,M10-PA-001-m14-modify-20260522-1d,,2026-06-30T16:00:00-04:00,观察中,716.58,M10-PA-001-m14-modify-20260522,SPY,810.90,1d
看跌,M12-FTD-001 连亏保护日线账户,112.93,mainline,109.57,2026-07-01T13:25:01Z,0.00,1.00,0.0001,closed_trade,M12-FTD-001-loss-streak-guard-1d,trend_filter_loss_streak_guard,2026-06-30T16:00:00-04:00,止盈,114.61,M12-FTD-001,WMT,109.57,1d
看跌,M10-PA-013 日线实验账户,45.86,experimental,44.96,2026-07-01T13:25:01Z,99.40,0.50,110.4444,closed_trade,M10-PA-013-1d,,2026-06-30T16:00:00-04:00,止盈,46.31,M10-PA-013,XLU,44.96,1d
看涨,M10-PA-007 救援日线账户,68.41,rescue,66.60,2026-07-01T13:41:02Z,-35.86,1.00,19.8100,closed_trade,M10-PA-007-m14-modify-20260522-1d,,2026-06-30T16:00:00-04:00,止损,66.60,M10-PA-007-m14-modify-20260522,EEM,72.03,1d
看涨,M10-PA-007 救援日线账户,377.75,rescue,376.46,2026-07-01T18:49:46Z,-4.51,1.00,3.4926,closed_trade,M10-PA-007-m14-modify-20260522-1d,,2026-06-30T16:00:00-04:00,止损,376.46,M10-PA-007-m14-modify-20260522,AVGO,380.33,1d
看涨,M10-PA-007 日线实验账户,377.75,experimental,376.46,2026-07-01T13:41:02Z,-4.67,0.10,3.6172,closed_trade,M10-PA-007-1d,second_leg_visual_evidence_required,2026-06-30T16:00:00-04:00,止损,376.46,M10-PA-007,AVGO,380.33,1d
看跌,M10-PA-007 日线实验账户,53.61,experimental,54.89,2026-07-01T13:41:02Z,-10.20,0.10,7.9688,closed_trade,M10-PA-007-1d,second_leg_visual_evidence_required,2026-06-30T16:00:00-04:00,止损,54.89,M10-PA-007,XLF,51.05,1d
看涨,M10-PA-007 日线实验账户,68.41,experimental,66.60,2026-07-01T13:41:02Z,-10.20,0.10,5.6354,closed_trade,M10-PA-007-1d,second_leg_visual_evidence_required,2026-06-30T16:00:00-04:00,止损,66.60,M10-PA-007,EEM,72.03,1d
看涨,PA004-MBF-QC 风险压缩救援账户,640.76,rescue,616.15,2026-07-01T13:25:01Z,-99.73,1.00,4.0524,closed_trade,M10-PA-004-MBF-QC-m14-modify-20260522-1d,,2026-06-30T16:00:00-04:00,止损,616.15,M10-PA-004-MBF-QC-m14-modify-20260522,SOXX,677.68,1d
看涨,PA004 强势突破质量确认实验账户,640.76,experimental,616.15,2026-07-01T13:25:01Z,-10.74,0.10,0.4364,closed_trade,M10-PA-004-MBF-QC-1d,confirmation_quality_risk_compression,2026-06-30T16:00:00-04:00,止损,616.15,M10-PA-004-MBF-QC,SOXX,677.68,1d
看涨,PA004 强势突破跟进实验账户,640.76,experimental,616.15,2026-07-01T13:25:01Z,-58.73,0.50,2.3864,closed_trade,M10-PA-004-MBF-1d,,2026-06-30T16:00:00-04:00,止损,616.15,M10-PA-004-MBF,SOXX,689.98,1d
看涨,PA004 强势突破跟进实验账户,655.89,experimental,634.60,2026-07-01T13:25:01Z,-46.76,0.50,2.1965,closed_trade,M10-PA-004-MBF-1d,,2026-06-30T16:00:00-04:00,止损,634.60,M10-PA-004-MBF,SMH,698.47,1d
看跌,M10-PA-002 日线账户,135.40,mainline,139.14,2026-07-01T13:25:01Z,-24.12,0.25,6.4492,closed_trade,M10-PA-002-1d,,2026-06-30T16:00:00-04:00,止损,139.14,M10-PA-002,PEP,127.92,1d
看涨,M10-PA-002 日线账户,580.91,mainline,545.56,2026-07-01T13:25:01Z,-24.12,0.25,0.6824,closed_trade,M10-PA-002-1d,,2026-06-30T16:00:00-04:00,止损,545.56,M10-PA-002,AMD,651.60,1d
看涨,M10-PA-005 五分钟实验账户,146.43,experimental,146.21,2026-06-30T19:53:52Z,-0.00,0.25,0.0001,closed_trade,M10-PA-005-5m,failed_breakout_quality_cooldown,2026-06-30T15:55:00,止损,146.21,M10-PA-005,PG,146.87,5m
看涨,M10-PA-005 五分钟实验账户,24.12,experimental,24.16,2026-07-01T13:25:01Z,5.73,0.25,163.8571,closed_trade,M10-PA-005-5m,failed_breakout_quality_cooldown,2026-06-30T15:55:00,次日超时退出,23.98,M10-PA-005,PFE,24.42,5m
看涨,M10-PA-001 五分钟账户,117.42,mainline,117.11,2026-06-30T20:19:12Z,-13.69,0.10,44.1653,closed_trade,M10-PA-001-5m,entry_quality_stop_distance_loss_cooldown,2026-06-30T15:55:00,次日超时退出,117.20,M10-PA-001,XLY,117.84,5m
看跌,M10-PA-001 五分钟账户,53.46,mainline,54.72,2026-07-01T13:25:01Z,-25.56,0.10,20.2062,closed_trade,M10-PA-001-5m,entry_quality_stop_distance_loss_cooldown,2026-06-30T15:55:00,次日超时退出,53.94,M10-PA-001,SLV,52.48,5m
看涨,M10-PA-013 救援五分钟账户,42.37,rescue,42.49,2026-07-01T13:25:01Z,51.68,1.00,430.6736,closed_trade,M10-PA-013-m14-modify-20260522-5m,,2026-06-30T15:50:00,止盈,42.31,M10-PA-013-m14-modify-20260522,VZ,42.49,5m
看跌,M10-PA-013 五分钟实验账户,190.62,experimental,190.32,2026-07-01T13:25:01Z,0.00,0.50,0.0001,closed_trade,M10-PA-013-5m,support_resistance_failure_quality_filter,2026-06-30T15:50:00,止盈,190.76,M10-PA-013,XLK,190.32,5m
看涨,M10-PA-005 五分钟实验账户,45.51,experimental,45.45,2026-07-01T13:25:01Z,-18.27,0.25,304.5684,closed_trade,M10-PA-005-5m,failed_breakout_quality_cooldown,2026-06-30T15:50:00,止损,45.45,M10-PA-005,XLU,45.63,5m
看跌,M10-PA-001 五分钟账户,79.96,mainline,79.86,2026-07-01T13:25:01Z,16.70,0.10,167.0171,closed_trade,M10-PA-001-5m,entry_quality_stop_distance_loss_cooldown,2026-06-30T15:50:00,止盈,80.01,M10-PA-001,HYG,79.86,5m
看涨,M10-PA-013 救援五分钟账户,50.85,rescue,50.80,2026-06-30T19:44:04Z,-17.96,1.00,359.2053,closed_trade,M10-PA-013-m14-modify-20260522-5m,,2026-06-30T15:45:00,止损,50.80,M10-PA-013-m14-modify-20260522,XLB,50.94,5m
看涨,M10-PA-013 五分钟实验账户,415.30,experimental,418.04,2026-06-30T19:34:18Z,145.01,0.50,52.9218,closed_trade,M10-PA-013-5m,support_resistance_failure_quality_filter,2026-06-30T15:35:00,次日超时退出,414.65,M10-PA-013,UNH,416.62,5m
看涨,M10-PA-005 五分钟实验账户,96.42,experimental,96.77,2026-06-30T19:14:43Z,32.94,0.25,94.1033,closed_trade,M10-PA-005-5m,failed_breakout_quality_cooldown,2026-06-30T15:15:00,止盈,96.24,M10-PA-005,DIS,96.77,5m
看涨,M10-PA-005 五分钟实验账户,72.18,experimental,72.60,2026-06-30T18:45:23Z,3.53,0.25,8.3993,closed_trade,M10-PA-005-5m,failed_breakout_quality_cooldown,2026-06-30T14:40:00,次日超时退出,71.83,M10-PA-005,UBER,72.88,5m
看跌,M10-PA-011 ORB-R1 五分钟救援账户,415.97,rescue,418.04,2026-06-30T17:08:44Z,-11.80,0.10,5.7000,closed_trade,M10-PA-011-ORB-R1-5m,orb_failed_breakout_retest_only,2026-06-30T13:05:00,次日超时退出,417.77,M10-PA-011-ORB-R1,UNH,413.26,5m
看跌,M10-PA-011 五分钟实验账户,415.97,experimental,418.04,2026-06-30T17:08:44Z,-11.24,0.10,5.4278,closed_trade,M10-PA-011-5m,orb_failed_breakout_retest_only,2026-06-30T13:05:00,次日超时退出,417.77,M10-PA-011,UNH,413.26,5m
看涨,M10-PA-011 ORB-R1 五分钟救援账户,1065.00,rescue,1059.23,2026-06-30T18:36:08Z,-10.27,0.10,1.7799,closed_trade,M10-PA-011-ORB-R1-5m,orb_failed_breakout_retest_only,2026-06-30T12:35:00,止损,1059.23,M10-PA-011-ORB-R1,CAT,1073.66,5m
看涨,M10-PA-011 五分钟实验账户,1065.00,experimental,1059.23,2026-06-30T18:36:08Z,-9.78,0.10,1.6950,closed_trade,M10-PA-011-5m,orb_failed_breakout_retest_only,2026-06-30T12:35:00,止损,1059.23,M10-PA-011,CAT,1073.66,5m
看涨,M10-PA-012 1.0R目标修复影子账户,744.52,rescue,743.44,2026-06-30T15:06:57Z,-26.66,1.00,24.6861,closed_trade,M10-PA-012-m14-modify-20260522-target-stop-risk_normalized_1_0r-shadow-5m,,2026-06-30T10:00:00,次日超时退出,740.89,M10-PA-012-m14-modify-20260522-target-stop-risk_normalized_1_0r-shadow,SPY,748.15,5m
看涨,M10-PA-012 1.0R目标修复影子账户,299.19,rescue,299.43,2026-06-30T15:06:57Z,0.00,1.00,0.0001,closed_trade,M10-PA-012-m14-modify-20260522-target-stop-risk_normalized_1_0r-shadow-5m,,2026-06-30T10:00:00,次日超时退出,297.44,M10-PA-012-m14-modify-20260522-target-stop-risk_normalized_1_0r-shadow,IWM,300.94,5m
看涨,M12-FTD-001 救援日线账户,117.54,rescue,118.09,2026-06-30T13:25:09Z,21.43,1.00,38.9560,open_position,M12-FTD-001-m14-modify-20260522-1d,,2026-06-29T16:00:00-04:00,观察中,115.04,M12-FTD-001-m14-modify-20260522,XLY,122.54,1d
看涨,M12-FTD-001 救援日线账户,80.80,rescue,81.85,2026-06-30T13:25:09Z,35.51,1.00,33.8160,open_position,M12-FTD-001-m14-modify-20260522-1d,,2026-06-29T16:00:00-04:00,观察中,77.92,M12-FTD-001-m14-modify-20260522,ARKK,86.56,1d
看涨,M12-FTD-001 救援日线账户,338.76,rescue,359.38,2026-06-30T13:25:09Z,21.04,1.00,1.0205,open_position,M12-FTD-001-m14-modify-20260522-1d,,2026-06-29T16:00:00-04:00,观察中,320.51,M12-FTD-001-m14-modify-20260522,MDB,375.26,1d
看涨,M12-FTD-001 救援日线账户,158.44,rescue,161.59,2026-06-30T13:25:09Z,0.00,1.00,0.0001,open_position,M12-FTD-001-m14-modify-20260522-1d,,2026-06-29T16:00:00-04:00,观察中,154.97,M12-FTD-001-m14-modify-20260522,YUM,165.38,1d
看涨,M10-PA-013 救援日线账户,736.52,rescue,745.76,2026-06-30T13:25:09Z,46.34,1.00,5.0150,open_position,M10-PA-013-m14-modify-20260522-1d,,2026-06-29T16:00:00-04:00,观察中,716.58,M10-PA-013-m14-modify-20260522,SPY,776.42,1d
看涨,M10-PA-013 日线实验账户,736.52,experimental,745.76,2026-06-30T13:25:09Z,23.05,0.50,2.4950,open_position,M10-PA-013-1d,,2026-06-29T16:00:00-04:00,观察中,716.58,M10-PA-013,SPY,776.42,1d
看涨,M10-PA-009 救援日线账户,52.78,rescue,53.58,2026-06-30T13:25:09Z,32.46,1.00,40.5789,open_position,M10-PA-009-m14-modify-20260522-1d,,2026-06-29T16:00:00-04:00,观察中,50.31,M10-PA-009-m14-modify-20260522,SLV,57.70,1d
看涨,M10-PA-009 日线实验账户,52.78,experimental,53.58,2026-06-30T13:25:09Z,3.24,0.10,4.0486,open_position,M10-PA-009-1d,weak_wedge_signal_filter,2026-06-29T16:00:00-04:00,观察中,50.31,M10-PA-009,SLV,57.70,1d
看跌,M10-PA-009 日线实验账户,328.28,experimental,334.07,2026-06-30T13:25:09Z,-5.90,0.10,1.0194,open_position,M10-PA-009-1d,weak_wedge_signal_filter,2026-06-29T16:00:00-04:00,观察中,338.09,M10-PA-009,JPM,308.66,1d
看涨,M10-PA-008 风险上限影子账户,44.64,rescue,44.07,2026-06-30T13:25:09Z,-12.49,1.00,21.9077,open_position,M10-PA-008-broker-risk-cap-shadow-1d,,2026-06-29T16:00:00-04:00,观察中,40.20,M10-PA-008-broker-risk-cap-shadow,PYPL,53.50,1d
看涨,M10-PA-008 风险上限影子账户,79.08,rescue,81.85,2026-06-30T13:25:09Z,38.60,1.00,13.9355,open_position,M10-PA-008-broker-risk-cap-shadow-1d,,2026-06-29T16:00:00-04:00,观察中,72.10,M10-PA-008-broker-risk-cap-shadow,ARKK,93.04,1d
看涨,M10-PA-007 救援日线账户,367.12,rescue,369.27,2026-06-30T13:39:40Z,46.66,1.00,21.7017,open_position,M10-PA-007-m14-modify-20260522-1d,,2026-06-29T16:00:00-04:00,观察中,362.46,M10-PA-007-m14-modify-20260522,VTI,376.44,1d
看涨,M10-PA-007 救援日线账户,681.01,rescue,685.46,2026-06-30T13:39:40Z,31.80,1.00,7.1469,open_position,M10-PA-007-m14-modify-20260522-1d,,2026-06-29T16:00:00-04:00,观察中,676.25,M10-PA-007-m14-modify-20260522,VOO,690.53,1d
看涨,M10-PA-007 日线实验账户,367.12,experimental,369.27,2026-06-30T13:39:40Z,4.71,0.10,2.1888,open_position,M10-PA-007-1d,second_leg_visual_evidence_required,2026-06-29T16:00:00-04:00,观察中,362.46,M10-PA-007,VTI,376.44,1d
看涨,M10-PA-007 日线实验账户,681.01,experimental,685.46,2026-06-30T13:39:40Z,9.54,0.10,2.1429,open_position,M10-PA-007-1d,second_leg_visual_evidence_required,2026-06-29T16:00:00-04:00,观察中,676.25,M10-PA-007,VOO,690.53,1d
看涨,M10-PA-007 日线实验账户,741.00,experimental,745.76,2026-06-30T13:39:40Z,8.88,0.10,1.8647,open_position,M10-PA-007-1d,second_leg_visual_evidence_required,2026-06-29T16:00:00-04:00,观察中,735.53,M10-PA-007,SPY,751.94,1d
看涨,M10-PA-007 日线实验账户,353.65,experimental,361.21,2026-06-30T13:39:40Z,5.73,0.10,0.7584,open_position,M10-PA-007-1d,second_leg_visual_evidence_required,2026-06-29T16:00:00-04:00,观察中,340.20,M10-PA-007,GOOGL,380.55,1d
看涨,M10-PA-007 日线实验账户,351.28,experimental,357.89,2026-06-30T13:39:40Z,5.83,0.10,0.8824,open_position,M10-PA-007-1d,second_leg_visual_evidence_required,2026-06-29T16:00:00-04:00,观察中,339.72,M10-PA-007,GOOG,374.40,1d
看涨,M10-PA-007 日线实验账户,103.45,experimental,103.02,2026-06-30T13:39:40Z,-2.87,0.10,6.6667,open_position,M10-PA-007-1d,second_leg_visual_evidence_required,2026-06-29T16:00:00-04:00,观察中,101.92,M10-PA-007,EFA,106.51,1d
看涨,M10-PA-007 日线实验账户,521.68,experimental,522.40,2026-06-30T13:39:40Z,0.84,0.10,1.1711,open_position,M10-PA-007-1d,second_leg_visual_evidence_required,2026-06-29T16:00:00-04:00,观察中,512.97,M10-PA-007,DIA,539.10,1d
看涨,M10-PA-004 只做多日线账户,353.86,mainline,361.21,2026-07-01T13:25:01Z,41.39,1.00,5.6310,open_position,M10-PA-004-long-1d,,2026-06-29T16:00:00-04:00,观察中,335.84,M10-PA-004,GOOGL,389.92,1d
看涨,M10-PA-004 只做多日线账户,350.96,mainline,357.89,2026-07-01T13:25:01Z,46.69,1.00,6.7377,open_position,M10-PA-004-long-1d,,2026-06-29T16:00:00-04:00,观察中,335.90,M10-PA-004,GOOG,381.08,1d
看涨,PA004-MBF-QC 风险压缩救援账户,353.65,rescue,361.21,2026-06-30T13:25:09Z,58.28,1.00,7.7088,open_position,M10-PA-004-MBF-QC-m14-modify-20260522-1d,,2026-06-29T16:00:00-04:00,观察中,340.67,M10-PA-004-MBF-QC-m14-modify-20260522,GOOGL,373.12,1d
看涨,PA004 强势突破质量确认实验账户,353.65,experimental,361.21,2026-06-30T13:25:09Z,6.26,0.10,0.8274,open_position,M10-PA-004-MBF-QC-1d,confirmation_quality_risk_compression,2026-06-29T16:00:00-04:00,观察中,340.67,M10-PA-004-MBF-QC,GOOGL,373.12,1d
看涨,PA004 强势突破跟进实验账户,411.84,experimental,425.30,2026-06-30T13:25:09Z,24.16,0.50,1.7953,open_position,M10-PA-004-MBF-1d,,2026-06-29T16:00:00-04:00,观察中,379.30,M10-PA-004-MBF,TSLA,476.92,1d
看涨,PA004 强势突破跟进实验账户,614.35,experimental,599.70,2026-06-30T13:25:09Z,-20.02,0.50,1.3665,open_position,M10-PA-004-MBF-1d,,2026-06-29T16:00:00-04:00,观察中,571.60,M10-PA-004-MBF,SOXX,699.85,1d
看涨,PA004 强势突破跟进实验账户,631.98,experimental,620.46,2026-06-30T13:25:09Z,-18.79,0.50,1.6314,open_position,M10-PA-004-MBF-1d,,2026-06-29T16:00:00-04:00,观察中,596.17,M10-PA-004-MBF,SMH,703.60,1d
看涨,PA004 强势突破跟进实验账户,332.00,experimental,352.04,2026-06-30T13:25:09Z,43.90,0.50,2.1905,open_position,M10-PA-004-MBF-1d,,2026-06-29T16:00:00-04:00,观察中,305.33,M10-PA-004-MBF,PANW,385.34,1d
看涨,PA004 强势突破跟进实验账户,338.18,experimental,359.38,2026-06-30T13:25:09Z,70.09,0.50,3.3062,open_position,M10-PA-004-MBF-1d,,2026-06-29T16:00:00-04:00,观察中,320.51,M10-PA-004-MBF,MDB,373.52,1d
看涨,PA004 强势突破跟进实验账户,101.83,experimental,108.65,2026-06-30T13:25:09Z,105.40,0.50,15.4550,open_position,M10-PA-004-MBF-1d,,2026-06-29T16:00:00-04:00,观察中,98.05,M10-PA-004-MBF,HOOD,109.39,1d
看涨,PA004 强势突破跟进实验账户,353.65,experimental,361.21,2026-06-30T13:25:09Z,34.03,0.50,4.5008,open_position,M10-PA-004-MBF-1d,,2026-06-29T16:00:00-04:00,观察中,340.67,M10-PA-004-MBF,GOOGL,379.61,1d
看涨,PA004 强势突破跟进实验账户,351.28,experimental,357.89,2026-06-30T13:25:09Z,30.97,0.50,4.6848,open_position,M10-PA-004-MBF-1d,,2026-06-29T16:00:00-04:00,观察中,338.81,M10-PA-004-MBF,GOOG,376.22,1d
看涨,PA004 强势突破跟进实验账户,742.91,experimental,772.74,2026-06-30T13:25:09Z,44.93,0.50,1.5061,open_position,M10-PA-004-MBF-1d,,2026-06-29T16:00:00-04:00,观察中,704.12,M10-PA-004-MBF,CRWD,820.49,1d
看涨,PA004 强势突破跟进实验账户,80.63,experimental,81.85,2026-06-30T13:25:09Z,26.30,0.50,21.5572,open_position,M10-PA-004-MBF-1d,,2026-06-29T16:00:00-04:00,观察中,77.92,M10-PA-004-MBF,ARKK,86.05,1d
看涨,PA004 强势突破跟进实验账户,240.14,experimental,241.70,2026-06-30T13:25:09Z,1.69,0.50,1.0837,open_position,M10-PA-004-MBF-1d,,2026-06-29T16:00:00-04:00,观察中,233.80,M10-PA-004-MBF,AMZN,252.82,1d
看跌,M10-PA-002 日线账户,147.76,mainline,142.50,2026-06-30T13:25:09Z,18.82,0.25,3.5786,open_position,M10-PA-002-1d,,2026-06-29T16:00:00-04:00,观察中,154.50,M10-PA-002,ORCL,134.28,1d
看涨,M10-PA-002 日线账户,332.00,mainline,352.04,2026-06-30T13:25:09Z,18.12,0.25,0.9044,open_position,M10-PA-002-1d,,2026-06-29T16:00:00-04:00,观察中,305.33,M10-PA-002,PANW,385.34,1d
看跌,M10-PA-002 日线账户,138.68,mainline,141.16,2026-06-30T13:25:09Z,-16.21,0.25,6.5366,open_position,M10-PA-002-1d,,2026-06-29T16:00:00-04:00,观察中,142.37,M10-PA-002,PEP,131.30,1d
看涨,M10-PA-001 救援日线账户,741.56,rescue,745.76,2026-06-30T13:25:09Z,16.41,1.00,3.9071,open_position,M10-PA-001-m14-modify-20260522-1d,,2026-06-29T16:00:00-04:00,观察中,716.58,M10-PA-001-m14-modify-20260522,SPY,791.52,1d
看涨,M10-PA-001 救援日线账户,724.58,rescue,725.17,2026-06-30T13:25:09Z,2.65,1.00,4.4832,open_position,M10-PA-001-m14-modify-20260522-1d,,2026-06-29T16:00:00-04:00,观察中,702.81,M10-PA-001-m14-modify-20260522,QQQ,768.12,1d
看涨,M10-PA-001 救援日线账户,522.98,rescue,522.40,2026-06-30T13:25:09Z,-5.66,1.00,9.7551,open_position,M10-PA-001-m14-modify-20260522-1d,,2026-06-29T16:00:00-04:00,观察中,512.97,M10-PA-001-m14-modify-20260522,DIA,542.98,1d
看涨,M10-PA-001 救援日线账户,367.39,rescue,369.27,2026-06-30T13:25:09Z,24.66,1.00,13.1183,open_position,M10-PA-001-m14-modify-20260522-1d,,2026-06-29T16:00:00-04:00,观察中,359.95,M10-PA-001-m14-modify-20260522,VTI,382.27,1d
看涨,M10-PA-001 救援日线账户,681.56,rescue,685.46,2026-06-30T13:25:09Z,9.02,1.00,2.3130,open_position,M10-PA-001-m14-modify-20260522-1d,,2026-06-29T16:00:00-04:00,观察中,668.10,M10-PA-001-m14-modify-20260522,VOO,708.50,1d
看涨,M10-PA-001 救援日线账户,185.66,rescue,185.62,2026-06-30T13:25:09Z,-0.00,1.00,0.0001,open_position,M10-PA-001-m14-modify-20260522-1d,,2026-06-29T16:00:00-04:00,观察中,179.76,M10-PA-001-m14-modify-20260522,XLK,197.46,1d
看涨,M10-PA-001 日线账户,103.47,mainline,103.02,2026-06-30T13:25:09Z,-2.84,0.10,6.3161,open_position,M10-PA-001-1d,entry_quality_stop_distance_loss_cooldown,2026-06-29T16:00:00-04:00,观察中,101.92,M10-PA-001,EFA,106.57,1d
看跌,M12-FTD-001 连亏保护日线账户,114.20,mainline,109.00,2026-06-30T13:25:09Z,227.08,1.00,43.6692,closed_trade,M12-FTD-001-loss-streak-guard-1d,trend_filter_loss_streak_guard,2026-06-29T16:00:00-04:00,止盈,116.80,M12-FTD-001,WMT,109.00,1d
看跌,M12-FTD-001 原版日线账户,114.20,mainline,109.00,2026-06-30T13:25:09Z,237.18,1.00,45.6115,closed_trade,M12-FTD-001-baseline-1d,trend_filter_reference_only,2026-06-29T16:00:00-04:00,止盈,116.80,M12-FTD-001,WMT,109.00,1d
看涨,M10-PA-013 救援日线账户,99.71,rescue,97.90,2026-06-30T13:25:09Z,-100.00,1.00,55.2486,closed_trade,M10-PA-013-m14-modify-20260522-1d,,2026-06-29T16:00:00-04:00,止损,97.90,M10-PA-013-m14-modify-20260522,DIS,103.33,1d
看涨,M10-PA-013 日线实验账户,99.71,experimental,97.90,2026-06-30T13:25:09Z,-49.75,0.50,27.4862,closed_trade,M10-PA-013-1d,,2026-06-29T16:00:00-04:00,止损,97.90,M10-PA-013,DIS,103.33,1d
看涨,M10-PA-004 只做多日线账户,148.18,mainline,161.58,2026-07-01T13:25:01Z,202.94,1.00,15.1448,closed_trade,M10-PA-004-long-1d,,2026-06-29T16:00:00-04:00,止盈,141.48,M10-PA-004,COIN,161.58,1d
看涨,PA004 强势突破跟进实验账户,248.57,experimental,265.45,2026-06-30T13:25:09Z,116.84,0.50,6.9218,closed_trade,M10-PA-004-MBF-1d,,2026-06-29T16:00:00-04:00,止盈,240.13,M10-PA-004-MBF,DDOG,265.45,1d
看跌,M10-PA-002 日线账户,950.17,mainline,972.93,2026-06-30T13:25:09Z,-24.12,0.25,1.0598,closed_trade,M10-PA-002-1d,,2026-06-29T16:00:00-04:00,止损,972.93,M10-PA-002,BLK,904.65,1d
看涨,M10-PA-001 日线账户,109.74,mainline,108.58,2026-06-30T13:25:09Z,-9.83,0.10,8.4762,closed_trade,M10-PA-001-1d,entry_quality_stop_distance_loss_cooldown,2026-06-29T16:00:00-04:00,止损,108.58,M10-PA-001,LQD,112.05,1d
看涨,M10-PA-012 1.0R目标修复影子账户,53.96,rescue,53.70,2026-06-29T15:10:41Z,-88.67,1.00,341.0512,closed_trade,M10-PA-012-m14-modify-20260522-target-stop-risk_normalized_1_0r-shadow-5m,,2026-06-29T10:25:00,止损,53.70,M10-PA-012-m14-modify-20260522-target-stop-risk_normalized_1_0r-shadow,XLF,54.23,5m
看涨,M10-PA-012 1.0R目标修复影子账户,106.80,rescue,107.41,2026-06-30T13:25:09Z,69.49,1.00,113.9205,closed_trade,M10-PA-012-m14-modify-20260522-target-stop-risk_normalized_1_0r-shadow-5m,,2026-06-29T10:15:00,止盈,106.19,M10-PA-012-m14-modify-20260522-target-stop-risk_normalized_1_0r-shadow,USO,107.41,5m
看涨,M10-PA-012 1.0R目标修复影子账户,116.80,rescue,116.68,2026-06-30T13:25:09Z,-6.32,1.00,52.6494,closed_trade,M10-PA-012-m14-modify-20260522-target-stop-risk_normalized_1_0r-shadow-5m,,2026-06-29T10:15:00,次日超时退出,115.06,M10-PA-012-m14-modify-20260522-target-stop-risk_normalized_1_0r-shadow,XLY,118.54,5m
看跌,M10-PA-013 日线实验账户,296.60,experimental,299.32,2026-06-29T13:25:25Z,-27.66,0.50,10.1694,open_position,M10-PA-013-1d,,2026-06-26T16:00:00-04:00,观察中,301.50,M10-PA-013,IWM,286.80,1d
看跌,M10-PA-007 日线实验账户,329.05,experimental,334.07,2026-06-29T13:39:56Z,-5.65,0.10,1.1261,open_position,M10-PA-007-1d,second_leg_visual_evidence_required,2026-06-26T16:00:00-04:00,观察中,338.09,M10-PA-007,JPM,310.97,1d
看跌,M10-PA-007 日线实验账户,730.17,experimental,749.10,2026-06-29T13:39:56Z,-6.86,0.10,0.3623,open_position,M10-PA-007-1d,second_leg_visual_evidence_required,2026-06-26T16:00:00-04:00,观察中,758.27,M10-PA-007,IVV,673.97,1d
看跌,M10-PA-007 日线实验账户,141.76,experimental,140.13,2026-06-29T13:39:56Z,2.68,0.10,1.6419,open_position,M10-PA-007-1d,second_leg_visual_evidence_required,2026-06-26T16:00:00-04:00,观察中,147.96,M10-PA-007,C,129.36,1d
看涨,M10-PA-004 只做多日线账户,370.58,mainline,370.60,2026-06-30T13:25:09Z,0.24,1.00,11.8791,open_position,M10-PA-004-long-1d,,2026-06-26T16:00:00-04:00,观察中,363.32,M10-PA-004,GLD,385.08,1d
看涨,M10-PA-002 日线账户,160.34,mainline,159.54,2026-06-29T13:25:25Z,-4.67,0.25,5.8389,open_position,M10-PA-002-1d,,2026-06-26T16:00:00-04:00,观察中,156.18,M10-PA-002,XLV,168.66,1d
看跌,M10-PA-001 日线账户,79.81,mainline,79.59,2026-06-29T13:25:25Z,7.19,0.10,32.6667,open_position,M10-PA-001-1d,entry_quality_stop_distance_loss_cooldown,2026-06-26T16:00:00-04:00,观察中,80.11,M10-PA-001,HYG,79.21,1d
看涨,M12-FTD-001 救援日线账户,160.64,rescue,158.98,2026-06-29T13:25:25Z,-28.90,1.00,17.4120,closed_trade,M12-FTD-001-m14-modify-20260522-1d,,2026-06-26T16:00:00-04:00,持仓到期退出,156.18,M12-FTD-001-m14-modify-20260522,XLV,169.56,1d
看涨,M10-PA-007 救援日线账户,23.17,rescue,25.25,2026-06-29T13:39:56Z,201.32,1.00,96.7885,closed_trade,M10-PA-007-m14-modify-20260522-1d,,2026-06-26T16:00:00-04:00,止盈,22.13,M10-PA-007-m14-modify-20260522,CMCSA,25.25,1d
看涨,M10-PA-007 救援日线账户,232.69,rescue,234.07,2026-06-29T13:39:56Z,27.07,1.00,19.6172,closed_trade,M10-PA-007-m14-modify-20260522-1d,,2026-06-26T16:00:00-04:00,止盈,232.00,M10-PA-007-m14-modify-20260522,AMZN,234.07,1d
看涨,M10-PA-007 日线实验账户,23.17,experimental,25.25,2026-06-29T13:39:56Z,20.36,0.10,9.7885,closed_trade,M10-PA-007-1d,second_leg_visual_evidence_required,2026-06-26T16:00:00-04:00,止盈,22.13,M10-PA-007,CMCSA,25.25,1d
看涨,M10-PA-007 日线实验账户,232.69,experimental,234.07,2026-06-29T13:39:56Z,20.36,0.10,14.7536,closed_trade,M10-PA-007-1d,second_leg_visual_evidence_required,2026-06-26T16:00:00-04:00,止盈,232.00,M10-PA-007,AMZN,234.07,1d
看跌,M10-PA-007 日线实验账户,340.36,experimental,348.20,2026-06-29T13:39:56Z,-10.18,0.10,1.2985,closed_trade,M10-PA-007-1d,second_leg_visual_evidence_required,2026-06-26T16:00:00-04:00,止损,348.20,M10-PA-007,AXP,324.68,1d
看涨,M10-PA-004 只做多日线账户,381.79,mainline,409.03,2026-06-30T13:25:09Z,203.62,1.00,7.4750,closed_trade,M10-PA-004-long-1d,,2026-06-26T16:00:00-04:00,止盈,368.17,M10-PA-004,TSLA,409.03,1d
看涨,M10-PA-004 只做多日线账户,74.62,mainline,71.63,2026-06-30T13:25:09Z,-101.81,1.00,34.0502,closed_trade,M10-PA-004-long-1d,,2026-06-26T16:00:00-04:00,止损,71.63,M10-PA-004,NFLX,80.58,1d
看涨,PA004-MBF-QC 风险压缩救援账户,73.81,rescue,71.53,2026-06-29T13:25:25Z,-99.51,1.00,43.6447,closed_trade,M10-PA-004-MBF-QC-m14-modify-20260522-1d,,2026-06-26T16:00:00-04:00,止损,71.53,M10-PA-004-MBF-QC-m14-modify-20260522,NFLX,77.23,1d
看涨,PA004-MBF-QC 风险压缩救援账户,112.93,rescue,119.62,2026-06-29T13:25:25Z,149.27,1.00,22.3117,closed_trade,M10-PA-004-MBF-QC-m14-modify-20260522-1d,,2026-06-26T16:00:00-04:00,止盈,108.47,M10-PA-004-MBF-QC-m14-modify-20260522,PLTR,119.62,1d
看涨,PA004-MBF-QC 风险压缩救援账户,202.73,rescue,211.14,2026-06-29T13:25:25Z,112.48,1.00,13.3750,closed_trade,M10-PA-004-MBF-QC-m14-modify-20260522-1d,,2026-06-26T16:00:00-04:00,持仓到期退出,195.29,M10-PA-004-MBF-QC-m14-modify-20260522,ADBE,213.89,1d
看涨,PA004 强势突破质量确认实验账户,73.81,experimental,71.53,2026-06-29T13:25:25Z,-10.74,0.10,4.7105,closed_trade,M10-PA-004-MBF-QC-1d,confirmation_quality_risk_compression,2026-06-26T16:00:00-04:00,止损,71.53,M10-PA-004-MBF-QC,NFLX,77.23,1d
看涨,PA004 强势突破质量确认实验账户,112.93,experimental,119.62,2026-06-29T13:25:25Z,16.11,0.10,2.4081,closed_trade,M10-PA-004-MBF-QC-1d,confirmation_quality_risk_compression,2026-06-26T16:00:00-04:00,止盈,108.47,M10-PA-004-MBF-QC,PLTR,119.62,1d
看涨,PA004 强势突破质量确认实验账户,202.73,experimental,211.14,2026-06-29T13:25:25Z,12.14,0.10,1.4435,closed_trade,M10-PA-004-MBF-QC-1d,confirmation_quality_risk_compression,2026-06-26T16:00:00-04:00,持仓到期退出,195.29,M10-PA-004-MBF-QC,ADBE,213.89,1d
看涨,PA004 强势突破跟进实验账户,76.20,experimental,72.45,2026-06-29T13:25:25Z,-58.61,0.50,15.6293,closed_trade,M10-PA-004-MBF-1d,,2026-06-26T16:00:00-04:00,止损,72.45,M10-PA-004-MBF,UBER,83.70,1d
看涨,PA004 强势突破跟进实验账户,156.41,experimental,159.81,2026-06-29T13:25:25Z,40.92,0.50,12.0349,closed_trade,M10-PA-004-MBF-1d,,2026-06-26T16:00:00-04:00,持仓到期退出,151.54,M10-PA-004-MBF,YUM,166.15,1d
看涨,PA004 强势突破跟进实验账户,160.34,experimental,158.98,2026-06-29T13:25:25Z,-19.16,0.50,14.0889,closed_trade,M10-PA-004-MBF-1d,,2026-06-26T16:00:00-04:00,持仓到期退出,156.18,M10-PA-004-MBF,XLV,168.66,1d
看涨,PA004 强势突破跟进实验账户,78.74,experimental,82.58,2026-06-29T13:25:25Z,65.43,0.50,17.0378,closed_trade,M10-PA-004-MBF-1d,,2026-06-26T16:00:00-04:00,持仓到期退出,75.30,M10-PA-004-MBF,TEAM,85.62,1d
看涨,PA004 强势突破跟进实验账户,248.96,experimental,261.70,2026-06-29T13:25:25Z,28.16,0.50,2.2109,closed_trade,M10-PA-004-MBF-1d,,2026-06-26T16:00:00-04:00,持仓到期退出,222.45,M10-PA-004-MBF,SNOW,301.98,1d
看涨,PA004 强势突破跟进实验账户,116.86,experimental,119.64,2026-06-29T13:25:25Z,34.17,0.50,12.3130,closed_trade,M10-PA-004-MBF-1d,,2026-06-26T16:00:00-04:00,持仓到期退出,112.10,M10-PA-004-MBF,SHOP,126.38,1d
看涨,PA004 强势突破跟进实验账户,44.29,experimental,43.92,2026-06-29T13:25:25Z,-4.99,0.50,13.4997,closed_trade,M10-PA-004-MBF-1d,,2026-06-26T16:00:00-04:00,持仓到期退出,42.21,M10-PA-004-MBF,PYPL,48.45,1d
看涨,M10-PA-002 救援日线账户,46.20,rescue,45.88,2026-06-29T13:25:25Z,-68.22,1.00,213.2028,closed_trade,M10-PA-002-m14-modify-20260522-1d,,2026-06-26T16:00:00-04:00,止损,45.88,M10-PA-002-m14-modify-20260522,XLU,46.83,1d
看涨,M10-PA-002 救援日线账户,160.34,rescue,158.98,2026-06-29T13:25:25Z,-31.83,1.00,23.4062,closed_trade,M10-PA-002-m14-modify-20260522-1d,,2026-06-26T16:00:00-04:00,持仓到期退出,156.18,M10-PA-002-m14-modify-20260522,XLV,168.66,1d
看跌,M10-PA-001 日线账户,109.26,mainline,109.71,2026-06-29T13:25:25Z,-9.80,0.10,21.7778,closed_trade,M10-PA-001-1d,entry_quality_stop_distance_loss_cooldown,2026-06-26T16:00:00-04:00,止损,109.71,M10-PA-001,LQD,108.36,1d
看涨,M10-PA-012 1.0R目标修复影子账户,732.19,rescue,739.36,2026-06-26T15:04:12Z,122.63,1.00,17.1032,closed_trade,M10-PA-012-m14-modify-20260522-target-stop-risk_normalized_1_0r-shadow-5m,,2026-06-26T10:00:00,次日超时退出,726.86,M10-PA-012-m14-modify-20260522-target-stop-risk_normalized_1_0r-shadow,SPY,737.52,5m
看涨,M10-PA-012 1.0R目标修复影子账户,711.34,rescue,717.65,2026-06-26T15:04:12Z,50.64,1.00,8.0254,closed_trade,M10-PA-012-m14-modify-20260522-target-stop-risk_normalized_1_0r-shadow-5m,,2026-06-26T10:00:00,次日超时退出,702.81,M10-PA-012-m14-modify-20260522-target-stop-risk_normalized_1_0r-shadow,QQQ,719.87,5m
看跌,M10-PA-013 日线实验账户,91.16,experimental,92.76,2026-06-26T13:25:30Z,-41.58,0.50,25.9844,open_position,M10-PA-013-1d,,2026-06-25T16:00:00-04:00,观察中,93.08,M10-PA-013,CL,87.32,1d
看涨,M10-PA-007 日线实验账户,45.85,experimental,44.77,2026-06-26T13:39:31Z,-4.39,0.10,4.0637,open_position,M10-PA-007-1d,second_leg_visual_evidence_required,2026-06-25T16:00:00-04:00,观察中,43.34,M10-PA-007,XLU,50.87,1d
看涨,M10-PA-007 日线实验账户,184.12,experimental,183.36,2026-06-26T13:39:31Z,-1.13,0.10,1.4804,open_position,M10-PA-007-1d,second_leg_visual_evidence_required,2026-06-25T16:00:00-04:00,观察中,177.23,M10-PA-007,XLI,197.90,1d
看涨,M10-PA-007 日线实验账户,84.74,experimental,85.94,2026-06-26T13:39:31Z,3.13,0.10,2.6087,open_position,M10-PA-007-1d,second_leg_visual_evidence_required,2026-06-25T16:00:00-04:00,观察中,80.83,M10-PA-007,WFC,92.56,1d
看涨,M10-PA-007 日线实验账户,95.83,experimental,97.35,2026-06-26T13:39:31Z,3.18,0.10,2.0945,open_position,M10-PA-007-1d,second_leg_visual_evidence_required,2026-06-25T16:00:00-04:00,观察中,90.96,M10-PA-007,MNST,105.57,1d
看跌,M10-PA-007 日线实验账户,1065.09,experimental,1019.61,2026-06-26T13:39:31Z,7.75,0.10,0.1703,open_position,M10-PA-007-1d,second_leg_visual_evidence_required,2026-06-25T16:00:00-04:00,观察中,1125.00,M10-PA-007,GS,945.27,1d
看跌,M10-PA-002 日线账户,152.46,mainline,142.50,2026-06-26T13:25:30Z,47.68,0.25,4.7868,open_position,M10-PA-002-1d,,2026-06-25T16:00:00-04:00,观察中,157.62,M10-PA-002,ORCL,142.14,1d
看涨,M12-FTD-001 救援日线账户,32.42,rescue,32.91,2026-06-26T13:25:30Z,57.62,1.00,117.5854,closed_trade,M12-FTD-001-m14-modify-20260522-1d,,2026-06-25T16:00:00-04:00,持仓到期退出,31.60,M12-FTD-001-m14-modify-20260522,CMG,34.05,1d
看涨,M12-FTD-001 救援日线账户,96.06,rescue,97.68,2026-06-26T13:25:30Z,85.14,1.00,52.6885,closed_trade,M12-FTD-001-m14-modify-20260522-1d,,2026-06-25T16:00:00-04:00,持仓到期退出,94.23,M12-FTD-001-m14-modify-20260522,MNST,99.72,1d
看跌,M12-FTD-001 连亏保护日线账户,40.44,mainline,41.41,2026-06-26T13:25:30Z,-77.12,1.00,79.5070,closed_trade,M12-FTD-001-loss-streak-guard-1d,trend_filter_loss_streak_guard,2026-06-25T16:00:00-04:00,持仓到期退出,41.86,M12-FTD-001,NKE,37.61,1d
看涨,M12-FTD-001 连亏保护日线账户,32.42,mainline,32.91,2026-06-26T13:25:30Z,67.46,1.00,137.6829,closed_trade,M12-FTD-001-loss-streak-guard-1d,trend_filter_loss_streak_guard,2026-06-25T16:00:00-04:00,持仓到期退出,31.60,M12-FTD-001,CMG,34.05,1d
看涨,M12-FTD-001 连亏保护日线账户,96.06,mainline,97.68,2026-06-26T13:25:30Z,81.44,1.00,50.3955,closed_trade,M12-FTD-001-loss-streak-guard-1d,trend_filter_loss_streak_guard,2026-06-25T16:00:00-04:00,持仓到期退出,94.23,M12-FTD-001,MNST,99.72,1d
看跌,M12-FTD-001 原版日线账户,40.44,mainline,41.41,2026-06-26T13:25:30Z,-80.55,1.00,83.0423,closed_trade,M12-FTD-001-baseline-1d,trend_filter_reference_only,2026-06-25T16:00:00-04:00,持仓到期退出,41.86,M12-FTD-001,NKE,37.61,1d
看涨,M12-FTD-001 原版日线账户,32.42,mainline,32.91,2026-06-26T13:25:30Z,70.46,1.00,143.8049,closed_trade,M12-FTD-001-baseline-1d,trend_filter_reference_only,2026-06-25T16:00:00-04:00,持仓到期退出,31.60,M12-FTD-001,CMG,34.05,1d
看涨,M12-FTD-001 原版日线账户,96.06,mainline,97.68,2026-06-26T13:25:30Z,85.07,1.00,52.6438,closed_trade,M12-FTD-001-baseline-1d,trend_filter_reference_only,2026-06-25T16:00:00-04:00,持仓到期退出,94.23,M12-FTD-001,MNST,99.72,1d
看涨,M10-PA-008 风险上限影子账户,74.26,rescue,73.90,2026-06-26T13:25:30Z,-4.96,1.00,13.7709,closed_trade,M10-PA-008-broker-risk-cap-shadow-1d,,2026-06-25T16:00:00-04:00,持仓到期退出,67.19,M10-PA-008-broker-risk-cap-shadow,UBER,88.40,1d
看涨,M10-PA-007 救援日线账户,45.85,rescue,45.19,2026-06-26T13:39:31Z,-26.65,1.00,40.3745,closed_trade,M10-PA-007-m14-modify-20260522-1d,,2026-06-25T16:00:00-04:00,持仓到期退出,43.34,M10-PA-007-m14-modify-20260522,XLU,50.87,1d
看涨,M10-PA-007 救援日线账户,184.12,rescue,183.66,2026-06-26T13:39:31Z,-6.77,1.00,14.7083,closed_trade,M10-PA-007-m14-modify-20260522-1d,,2026-06-25T16:00:00-04:00,持仓到期退出,177.23,M10-PA-007-m14-modify-20260522,XLI,197.90,1d
看涨,M10-PA-007 救援日线账户,84.74,rescue,83.68,2026-06-26T13:39:31Z,-27.47,1.00,25.9182,closed_trade,M10-PA-007-m14-modify-20260522-1d,,2026-06-25T16:00:00-04:00,持仓到期退出,80.83,M10-PA-007-m14-modify-20260522,WFC,92.56,1d
看涨,M10-PA-007 救援日线账户,95.83,rescue,97.07,2026-06-26T13:39:31Z,9.22,1.00,7.4385,closed_trade,M10-PA-007-m14-modify-20260522-1d,,2026-06-25T16:00:00-04:00,持仓到期退出,90.96,M10-PA-007-m14-modify-20260522,MNST,105.57,1d
看涨,M10-PA-004 只做多日线账户,54.00,mainline,53.17,2026-06-29T13:25:25Z,-103.12,1.00,124.2410,closed_trade,M10-PA-004-long-1d,,2026-06-25T16:00:00-04:00,止损,53.17,M10-PA-004,XLE,55.66,1d
看涨,M10-PA-002 救援日线账户,95.83,rescue,97.68,2026-06-26T13:25:30Z,112.43,1.00,60.9062,closed_trade,M10-PA-002-m14-modify-20260522-1d,,2026-06-25T16:00:00-04:00,持仓到期退出,94.23,M10-PA-002-m14-modify-20260522,MNST,99.03,1d
看跌,M10-PA-002 日线账户,275.15,mainline,288.80,2026-06-26T13:25:30Z,-24.70,0.25,1.8095,closed_trade,M10-PA-002-1d,,2026-06-25T16:00:00-04:00,止损,288.80,M10-PA-002,AAPL,247.85,1d
看跌,M10-PA-002 日线账户,40.90,mainline,41.86,2026-06-26T13:25:30Z,-23.84,0.25,24.8342,closed_trade,M10-PA-002-1d,,2026-06-25T16:00:00-04:00,止损,41.86,M10-PA-002,NKE,38.99,1d
看涨,M10-PA-001 救援日线账户,726.83,rescue,728.25,2026-06-26T13:25:30Z,3.68,1.00,2.5921,closed_trade,M10-PA-001-m14-modify-20260522-1d,,2026-06-25T16:00:00-04:00,持仓到期退出,704.45,M10-PA-001-m14-modify-20260522,QQQ,771.59,1d
看涨,M10-PA-012 1.0R目标修复影子账户,370.42,rescue,372.58,2026-06-26T13:25:30Z,35.66,1.00,16.5089,closed_trade,M10-PA-012-m14-modify-20260522-target-stop-risk_normalized_1_0r-shadow-5m,,2026-06-25T11:20:00,次日超时退出,367.00,M10-PA-012-m14-modify-20260522-target-stop-risk_normalized_1_0r-shadow,GLD,373.84,5m
看涨,M10-PA-012 1.0R目标修复影子账户,106.21,rescue,105.76,2026-06-25T17:24:16Z,-34.79,1.00,77.3220,closed_trade,M10-PA-012-m14-modify-20260522-target-stop-risk_normalized_1_0r-shadow-5m,,2026-06-25T10:00:00,次日超时退出,105.03,M10-PA-012-m14-modify-20260522-target-stop-risk_normalized_1_0r-shadow,XLC,107.39,5m
看涨,M10-PA-012 1.0R目标修复影子账户,52.02,rescue,51.72,2026-06-25T17:24:16Z,-5.95,1.00,20.1609,closed_trade,M10-PA-012-m14-modify-20260522-target-stop-risk_normalized_1_0r-shadow-5m,,2026-06-25T10:00:00,次日超时退出,51.30,M10-PA-012-m14-modify-20260522-target-stop-risk_normalized_1_0r-shadow,XLB,52.74,5m
看涨,M10-PA-008 日线实验账户,109.39,experimental,108.46,2026-06-25T13:25:06Z,-17.45,0.25,18.7647,open_position,M10-PA-008-1d,major_trend_reversal_risk_cap,2026-06-24T16:00:00-04:00,观察中,108.03,M10-PA-008,LQD,112.11,1d
看涨,M10-PA-007 日线实验账户,27.20,experimental,26.81,2026-06-25T13:39:07Z,-3.75,0.10,9.6226,open_position,M10-PA-007-1d,second_leg_visual_evidence_required,2026-06-24T16:00:00-04:00,观察中,26.14,M10-PA-007,WBD,29.32,1d
看涨,M10-PA-007 日线实验账户,87.38,experimental,85.52,2026-06-25T13:39:07Z,-6.87,0.10,3.6957,open_position,M10-PA-007-1d,second_leg_visual_evidence_required,2026-06-24T16:00:00-04:00,观察中,84.62,M10-PA-007,TLT,92.90,1d
看跌,M10-PA-007 日线实验账户,101.12,experimental,95.71,2026-06-25T13:39:07Z,17.30,0.10,3.1975,open_position,M10-PA-007-1d,second_leg_visual_evidence_required,2026-06-24T16:00:00-04:00,观察中,104.31,M10-PA-007,DIS,94.74,1d
看涨,M10-PA-004 只做多日线账户,112.93,mainline,116.40,2026-06-26T13:25:30Z,41.66,1.00,12.0071,open_position,M10-PA-004-long-1d,,2026-06-24T16:00:00-04:00,观察中,104.44,M10-PA-004,LULU,129.91,1d
看涨,M12-FTD-001 救援日线账户,45.60,rescue,46.11,2026-06-25T13:25:06Z,84.69,1.00,166.0581,closed_trade,M12-FTD-001-m14-modify-20260522-1d,,2026-06-24T16:00:00-04:00,持仓到期退出,45.09,M12-FTD-001-m14-modify-20260522,XLU,46.63,1d
看涨,M12-FTD-001 连亏保护日线账户,87.47,mainline,87.12,2026-06-25T13:25:06Z,-2.13,1.00,6.0838,closed_trade,M12-FTD-001-loss-streak-guard-1d,trend_filter_loss_streak_guard,2026-06-24T16:00:00-04:00,止损,87.12,M12-FTD-001,TLT,88.17,1d
