timestamp,simulated_equity
2010-07-06T16:00:00-04:00,100000.00
2010-07-08T16:00:00-04:00,100000.00
2010-07-14T16:00:00-04:00,100000.00
2010-07-15T16:00:00-04:00,99500.50
2010-07-19T16:00:00-04:00,99500.50
2010-07-20T16:00:00-04:00,99000.98
2010-07-26T16:00:00-04:00,99000.98
2010-07-29T16:00:00-04:00,98501.48
2010-07-30T16:00:00-04:00,98501.48
2010-08-02T16:00:00-04:00,98001.68
2010-08-04T16:00:00-04:00,98001.68
2010-08-05T16:00:00-04:00,97502.22
2010-08-06T16:00:00-04:00,97002.72
2010-08-09T16:00:00-04:00,97002.72
2010-08-10T16:00:00-04:00,96502.77
2010-08-12T16:00:00-04:00,96003.44
2010-08-12T16:00:00-04:00,95503.49
2010-08-17T16:00:00-04:00,95004.53
2010-08-23T16:00:00-04:00,96004.07
2010-09-03T16:00:00-04:00,95505.51
2010-09-03T16:00:00-04:00,95006.39
2010-09-09T16:00:00-04:00,95006.39
2010-09-10T16:00:00-04:00,94506.87
2010-09-14T16:00:00-04:00,95505.07
2010-09-15T16:00:00-04:00,96505.07
2010-09-16T16:00:00-04:00,96005.97
2010-09-17T16:00:00-04:00,95506.85
2010-09-21T16:00:00-04:00,96503.15
2010-09-24T16:00:00-04:00,96503.15
2010-09-24T16:00:00-04:00,96003.26
2010-09-27T16:00:00-04:00,96998.26
2010-09-28T16:00:00-04:00,96498.74
2010-09-29T16:00:00-04:00,96498.74
2010-09-30T16:00:00-04:00,95999.08
2010-10-04T16:00:00-04:00,95999.08
2010-10-19T16:00:00-04:00,95999.08
2010-10-20T16:00:00-04:00,95499.24
2010-10-22T16:00:00-04:00,94999.65
2010-11-01T16:00:00-04:00,94999.65
2010-11-02T16:00:00-04:00,94499.70
2010-11-05T16:00:00-04:00,94499.70
2010-11-08T16:00:00-05:00,94499.70
2010-11-08T16:00:00-05:00,94376.18
2010-11-12T16:00:00-05:00,95371.34
2010-11-15T16:00:00-05:00,95371.34
2010-11-16T16:00:00-05:00,96370.41
2010-11-22T16:00:00-05:00,96370.41
2010-11-23T16:00:00-05:00,96370.41
2010-12-02T16:00:00-05:00,97370.37
2010-12-02T16:00:00-05:00,96870.96
2010-12-03T16:00:00-05:00,96870.96
2010-12-03T16:00:00-05:00,97870.86
2010-12-07T16:00:00-05:00,98870.78
2010-12-07T16:00:00-05:00,98371.58
2010-12-13T16:00:00-05:00,98371.58
2010-12-15T16:00:00-05:00,97871.86
2010-12-16T16:00:00-05:00,97373.06
2010-12-22T16:00:00-05:00,97373.06
2010-12-23T16:00:00-05:00,97373.06
2010-12-28T16:00:00-05:00,97373.06
2011-01-03T16:00:00-05:00,98319.78
2011-01-05T16:00:00-05:00,99318.78
2011-01-07T16:00:00-05:00,99318.78
2011-01-07T16:00:00-05:00,98818.98
2011-01-12T16:00:00-05:00,99818.89
2011-01-18T16:00:00-05:00,99818.89
2011-01-18T16:00:00-05:00,100030.81
2011-01-19T16:00:00-05:00,100030.81
2011-01-20T16:00:00-05:00,101029.61
2011-01-31T16:00:00-05:00,101029.61
2011-02-02T16:00:00-05:00,100530.29
2011-02-03T16:00:00-05:00,100530.29
2011-02-08T16:00:00-05:00,100031.06
2011-02-09T16:00:00-05:00,100031.06
2011-02-10T16:00:00-05:00,99531.44
2011-02-15T16:00:00-05:00,99531.44
2011-02-15T16:00:00-05:00,99429.26
2011-02-15T16:00:00-05:00,99324.68
2011-02-18T16:00:00-05:00,99324.68
2011-02-22T16:00:00-05:00,98825.13
2011-02-23T16:00:00-05:00,98825.13
2011-02-24T16:00:00-05:00,98825.13
2011-02-25T16:00:00-05:00,98325.75
2011-02-25T16:00:00-05:00,97826.02
2011-02-28T16:00:00-05:00,97826.02
2011-03-03T16:00:00-05:00,97326.56
2011-03-08T16:00:00-05:00,98326.56
2011-03-09T16:00:00-05:00,98326.56
2011-03-11T16:00:00-05:00,98326.56
2011-03-11T16:00:00-05:00,97827.00
2011-03-15T16:00:00-04:00,97327.20
2011-03-15T16:00:00-04:00,98327.12
2011-03-17T16:00:00-04:00,98327.12
2011-03-17T16:00:00-04:00,99327.02
2011-03-28T16:00:00-04:00,99327.02
2011-03-28T16:00:00-04:00,100326.62
2011-04-12T16:00:00-04:00,101324.84
2011-04-15T16:00:00-04:00,101324.84
2011-04-21T16:00:00-04:00,100826.04
2011-04-25T16:00:00-04:00,100826.04
2011-04-27T16:00:00-04:00,100826.04
2011-04-28T16:00:00-04:00,100826.04
2011-04-29T16:00:00-04:00,101824.80
2011-05-02T16:00:00-04:00,101824.80
2011-05-03T16:00:00-04:00,101325.03
2011-05-03T16:00:00-04:00,100825.48
2011-05-03T16:00:00-04:00,100325.76
2011-05-04T16:00:00-04:00,100325.76
2011-05-05T16:00:00-04:00,99826.17
2011-05-10T16:00:00-04:00,99326.22
2011-05-10T16:00:00-04:00,100325.22
2011-05-12T16:00:00-04:00,99826.21
2011-05-13T16:00:00-04:00,99326.25
2011-05-17T16:00:00-04:00,99326.25
2011-05-18T16:00:00-04:00,99326.25
2011-05-19T16:00:00-04:00,98826.75
2011-05-24T16:00:00-04:00,98327.16
2011-05-25T16:00:00-04:00,98327.16
2011-05-26T16:00:00-04:00,97827.20
2011-05-31T16:00:00-04:00,97827.20
2011-06-01T16:00:00-04:00,97327.22
2011-06-02T16:00:00-04:00,96827.22
2011-06-06T16:00:00-04:00,96827.22
2011-06-07T16:00:00-04:00,96827.22
2011-06-09T16:00:00-04:00,97827.00
2011-06-10T16:00:00-04:00,98826.36
2011-06-13T16:00:00-04:00,98326.77
2011-06-17T16:00:00-04:00,98326.77
2011-06-22T16:00:00-04:00,97827.31
2011-06-29T16:00:00-04:00,97827.31
2011-07-01T16:00:00-04:00,98827.05
2011-07-05T16:00:00-04:00,99825.33
2011-07-11T16:00:00-04:00,99325.51
2011-07-12T16:00:00-04:00,99325.51
2011-07-14T16:00:00-04:00,100324.91
2011-07-19T16:00:00-04:00,99825.18
2011-07-28T16:00:00-04:00,99825.18
2011-07-28T16:00:00-04:00,99325.68
2011-08-01T16:00:00-04:00,98826.12
2011-08-02T16:00:00-04:00,99824.88
2011-08-05T16:00:00-04:00,99824.88
2011-08-08T16:00:00-04:00,99824.88
2011-08-09T16:00:00-04:00,99824.88
2011-08-11T16:00:00-04:00,99325.32
2011-08-12T16:00:00-04:00,98826.12
2011-08-12T16:00:00-04:00,98326.42
2011-08-15T16:00:00-04:00,97830.15
2011-08-16T16:00:00-04:00,97830.15
2011-08-16T16:00:00-04:00,97330.19
2011-08-16T16:00:00-04:00,96947.61
2011-08-19T16:00:00-04:00,96947.61
2011-08-19T16:00:00-04:00,96448.02
2011-08-22T16:00:00-04:00,96448.02
2011-08-25T16:00:00-04:00,96448.02
2011-08-25T16:00:00-04:00,95950.65
2011-08-29T16:00:00-04:00,95451.15
2011-08-31T16:00:00-04:00,95451.15
2011-09-02T16:00:00-04:00,94951.35
2011-09-02T16:00:00-04:00,94452.21
2011-09-06T16:00:00-04:00,94452.21
2011-09-07T16:00:00-04:00,93953.06
2011-09-15T16:00:00-04:00,93953.06
2011-09-19T16:00:00-04:00,93453.38
2011-09-19T16:00:00-04:00,92953.82
2011-09-23T16:00:00-04:00,92953.82
2011-09-23T16:00:00-04:00,92454.02
2011-09-30T16:00:00-04:00,92454.02
2011-10-04T16:00:00-04:00,92454.02
2011-10-05T16:00:00-04:00,91955.62
2011-10-05T16:00:00-04:00,91455.82
2011-10-06T16:00:00-04:00,90955.87
2011-10-07T16:00:00-04:00,90955.87
2011-10-10T16:00:00-04:00,90456.37
2011-10-12T16:00:00-04:00,91454.77
2011-10-13T16:00:00-04:00,92453.77
2011-10-24T16:00:00-04:00,93452.77
2011-10-24T16:00:00-04:00,94448.29
2011-10-25T16:00:00-04:00,94448.29
2011-10-25T16:00:00-04:00,93948.49
2011-10-25T16:00:00-04:00,93448.86
2011-10-26T16:00:00-04:00,92949.18
2011-10-31T16:00:00-04:00,92949.18
2011-11-02T16:00:00-04:00,92949.18
2011-11-03T16:00:00-04:00,93948.78
2011-11-07T16:00:00-05:00,93948.78
2011-11-09T16:00:00-05:00,93448.98
2011-11-17T16:00:00-05:00,92949.38
2011-11-17T16:00:00-05:00,92450.25
2011-11-18T16:00:00-05:00,92450.25
2011-11-21T16:00:00-05:00,93449.57
2011-11-23T16:00:00-05:00,94449.17
2011-11-25T16:00:00-05:00,94449.17
2011-11-28T16:00:00-05:00,93951.80
2011-12-01T16:00:00-05:00,93951.80
2011-12-02T16:00:00-05:00,94951.34
2011-12-05T16:00:00-05:00,94452.01
2011-12-07T16:00:00-05:00,93952.21
2011-12-12T16:00:00-05:00,94951.89
2011-12-14T16:00:00-05:00,94951.89
2011-12-20T16:00:00-05:00,94951.89
2011-12-23T16:00:00-05:00,94951.89
2011-12-28T16:00:00-05:00,94951.89
2011-12-29T16:00:00-05:00,94951.89
2012-01-03T16:00:00-05:00,94452.09
2012-01-03T16:00:00-05:00,93952.77
2012-01-06T16:00:00-05:00,93952.77
2012-01-10T16:00:00-05:00,94950.74
2012-01-11T16:00:00-05:00,94451.42
2012-01-12T16:00:00-05:00,94451.42
2012-01-13T16:00:00-05:00,95451.38
2012-01-13T16:00:00-05:00,94952.24
2012-01-19T16:00:00-05:00,94952.24
2012-01-20T16:00:00-05:00,94952.24
2012-01-26T16:00:00-05:00,95951.64
2012-01-27T16:00:00-05:00,95951.64
2012-01-27T16:00:00-05:00,96951.64
2012-02-03T16:00:00-05:00,97949.87
2012-02-06T16:00:00-05:00,97949.87
2012-02-09T16:00:00-05:00,98947.11
2012-02-09T16:00:00-05:00,99946.71
2012-02-15T16:00:00-05:00,99946.71
2012-02-15T16:00:00-05:00,99447.05
2012-02-21T16:00:00-05:00,99447.05
2012-02-22T16:00:00-05:00,98948.37
2012-02-27T16:00:00-05:00,99947.01
2012-03-01T16:00:00-05:00,99947.01
2012-03-05T16:00:00-05:00,99447.35
2012-03-07T16:00:00-05:00,99447.35
2012-03-09T16:00:00-05:00,99447.35
2012-03-13T16:00:00-04:00,100447.25
2012-03-14T16:00:00-04:00,101446.57
2012-03-19T16:00:00-04:00,100948.06
2012-03-27T16:00:00-04:00,100448.11
2012-04-03T16:00:00-04:00,100448.11
2012-04-04T16:00:00-04:00,99948.91
2012-04-09T16:00:00-04:00,99948.91
2012-04-11T16:00:00-04:00,99948.91
2012-04-13T16:00:00-04:00,99948.91
2012-04-13T16:00:00-04:00,99448.91
2012-04-17T16:00:00-04:00,99448.91
2012-04-19T16:00:00-04:00,100448.46
2012-04-20T16:00:00-04:00,101448.00
2012-04-23T16:00:00-04:00,102447.60
2012-04-24T16:00:00-04:00,103447.24
2012-04-26T16:00:00-04:00,103447.24
2012-04-27T16:00:00-04:00,103447.24
2012-04-27T16:00:00-04:00,102947.68
2012-05-03T16:00:00-04:00,102447.95
2012-05-04T16:00:00-04:00,102447.95
2012-05-07T16:00:00-04:00,102447.95
2012-05-07T16:00:00-04:00,101947.95
2012-05-09T16:00:00-04:00,102946.41
2012-05-11T16:00:00-04:00,102446.64
2012-05-15T16:00:00-04:00,102446.64
2012-05-16T16:00:00-04:00,102446.64
2012-05-17T16:00:00-04:00,103445.40
2012-05-18T16:00:00-04:00,103445.40
2012-05-18T16:00:00-04:00,104444.98
2012-05-23T16:00:00-04:00,104444.98
2012-05-23T16:00:00-04:00,103945.46
2012-05-29T16:00:00-04:00,103446.35
2012-06-04T16:00:00-04:00,103446.35
2012-06-06T16:00:00-04:00,102946.85
2012-06-06T16:00:00-04:00,102446.85
2012-06-07T16:00:00-04:00,102446.85
2012-06-18T16:00:00-04:00,101947.56
2012-06-19T16:00:00-04:00,101947.56
2012-06-21T16:00:00-04:00,101448.45
2012-06-22T16:00:00-04:00,101448.45
2012-06-28T16:00:00-04:00,101448.45
2012-06-29T16:00:00-04:00,100950.25
2012-07-05T16:00:00-04:00,100950.25
2012-07-10T16:00:00-04:00,100450.41
2012-07-17T16:00:00-04:00,100450.41
2012-07-17T16:00:00-04:00,99951.01
2012-07-20T16:00:00-04:00,99951.01
2012-07-24T16:00:00-04:00,99951.01
2012-07-25T16:00:00-04:00,100950.69
2012-07-30T16:00:00-04:00,100950.69
2012-08-02T16:00:00-04:00,100452.44
2012-08-07T16:00:00-04:00,101449.56
2012-08-07T16:00:00-04:00,102447.84
2012-08-08T16:00:00-04:00,102447.84
2012-08-09T16:00:00-04:00,103447.38
2012-08-10T16:00:00-04:00,104446.98
2012-08-13T16:00:00-04:00,105444.94
2012-08-16T16:00:00-04:00,106442.30
2012-08-20T16:00:00-04:00,106442.30
2012-08-24T16:00:00-04:00,106442.30
2012-08-24T16:00:00-04:00,105942.51
2012-08-28T16:00:00-04:00,105942.51
2012-09-05T16:00:00-04:00,105942.51
2012-09-06T16:00:00-04:00,105442.79
2012-09-10T16:00:00-04:00,105442.79
2012-09-10T16:00:00-04:00,104942.99
2012-09-14T16:00:00-04:00,104443.79
2012-09-17T16:00:00-04:00,104443.79
2012-09-17T16:00:00-04:00,103943.79
2012-09-24T16:00:00-04:00,103943.79
2012-09-25T16:00:00-04:00,103445.23
2012-09-26T16:00:00-04:00,102945.26
2012-10-01T16:00:00-04:00,102945.26
2012-10-05T16:00:00-04:00,102945.26
2012-10-08T16:00:00-04:00,102445.46
2012-10-09T16:00:00-04:00,101946.17
2012-10-10T16:00:00-04:00,101946.17
2012-10-16T16:00:00-04:00,101446.49
2012-10-16T16:00:00-04:00,100946.79
2012-10-17T16:00:00-04:00,100946.79
2012-10-18T16:00:00-04:00,100946.79
2012-10-18T16:00:00-04:00,100446.99
2012-10-22T16:00:00-04:00,100446.99
2012-10-24T16:00:00-04:00,101445.43
2012-10-25T16:00:00-04:00,101445.43
2012-11-01T16:00:00-04:00,101445.43
2012-11-01T16:00:00-04:00,100945.43
2012-11-02T16:00:00-04:00,100945.43
2012-11-05T16:00:00-05:00,100445.63
2012-11-05T16:00:00-05:00,101445.01
2012-11-05T16:00:00-05:00,100946.05
2012-11-09T16:00:00-05:00,100946.05
2012-11-13T16:00:00-05:00,100946.05
2012-11-14T16:00:00-05:00,101945.95
2012-11-15T16:00:00-05:00,101945.95
2012-11-19T16:00:00-05:00,101446.26
2012-11-20T16:00:00-05:00,101446.26
2012-11-23T16:00:00-05:00,100947.06
2012-11-23T16:00:00-05:00,100447.24
2012-11-23T16:00:00-05:00,99947.83
2012-11-26T16:00:00-05:00,99947.83
2012-11-27T16:00:00-05:00,99447.83
2012-11-28T16:00:00-05:00,98948.11
2012-11-30T16:00:00-05:00,98448.11
2012-12-04T16:00:00-05:00,98448.11
2012-12-04T16:00:00-05:00,97948.31
2012-12-06T16:00:00-05:00,97448.35
2012-12-07T16:00:00-05:00,96948.69
2012-12-12T16:00:00-05:00,96948.69
2012-12-13T16:00:00-05:00,96449.19
2012-12-17T16:00:00-05:00,95949.35
2012-12-19T16:00:00-05:00,95949.35
2012-12-21T16:00:00-05:00,95449.55
2012-12-21T16:00:00-05:00,94950.17
2012-12-24T16:00:00-05:00,94950.17
2012-12-27T16:00:00-05:00,95950.13
2013-01-03T16:00:00-05:00,95950.13
2013-01-04T16:00:00-05:00,96949.73
2013-01-09T16:00:00-05:00,96949.73
2013-01-11T16:00:00-05:00,97949.33
2013-01-11T16:00:00-05:00,98949.33
2013-01-16T16:00:00-05:00,98949.33
2013-01-16T16:00:00-05:00,98449.47
2013-01-18T16:00:00-05:00,98449.47
2013-01-18T16:00:00-05:00,97949.52
2013-01-23T16:00:00-05:00,97949.52
2013-01-24T16:00:00-05:00,97949.52
2013-01-28T16:00:00-05:00,98947.92
2013-02-04T16:00:00-05:00,98448.08
2013-02-05T16:00:00-05:00,99446.28
2013-02-07T16:00:00-05:00,99446.28
2013-02-11T16:00:00-05:00,98946.42
2013-02-22T16:00:00-05:00,98946.42
2013-02-22T16:00:00-05:00,98694.82
2013-03-06T16:00:00-05:00,98694.82
2013-03-13T16:00:00-04:00,99692.78
2013-03-18T16:00:00-04:00,99193.01
2013-03-21T16:00:00-04:00,98693.51
2013-04-01T16:00:00-04:00,98693.51
2013-04-01T16:00:00-04:00,98193.74
2013-04-03T16:00:00-04:00,98193.74
2013-04-05T16:00:00-04:00,97693.85
2013-04-11T16:00:00-04:00,97693.85
2013-04-11T16:00:00-04:00,97384.97
2013-04-12T16:00:00-04:00,97384.97
2013-04-15T16:00:00-04:00,96885.77
2013-04-15T16:00:00-04:00,96386.51
2013-04-16T16:00:00-04:00,96386.51
2013-04-18T16:00:00-04:00,97386.51
2013-04-19T16:00:00-04:00,97386.51
2013-04-22T16:00:00-04:00,96886.71
2013-04-23T16:00:00-04:00,96386.84
2013-04-24T16:00:00-04:00,95888.20
2013-04-29T16:00:00-04:00,96887.80
2013-04-30T16:00:00-04:00,97882.30
2013-05-01T16:00:00-04:00,97882.30
2013-05-03T16:00:00-04:00,98881.62
2013-05-06T16:00:00-04:00,98881.62
2013-05-07T16:00:00-04:00,98881.62
2013-05-07T16:00:00-04:00,98387.62
2013-05-08T16:00:00-04:00,98387.62
2013-05-08T16:00:00-04:00,97887.73
2013-05-10T16:00:00-04:00,98887.69
2013-05-13T16:00:00-04:00,98887.69
2013-05-15T16:00:00-04:00,98887.69
2013-05-16T16:00:00-04:00,98887.69
2013-05-20T16:00:00-04:00,99886.15
2013-05-22T16:00:00-04:00,99386.35
2013-05-28T16:00:00-04:00,100372.51
2013-05-29T16:00:00-04:00,100372.51
2013-05-29T16:00:00-04:00,99882.26
2013-06-04T16:00:00-04:00,99882.26
2013-06-05T16:00:00-04:00,99385.52
2013-06-10T16:00:00-04:00,99385.52
2013-06-11T16:00:00-04:00,98886.00
2013-06-13T16:00:00-04:00,98886.00
2013-06-13T16:00:00-04:00,98386.16
2013-06-13T16:00:00-04:00,97886.57
2013-06-17T16:00:00-04:00,97387.01
2013-06-19T16:00:00-04:00,97387.01
2013-06-19T16:00:00-04:00,96887.21
2013-06-19T16:00:00-04:00,96388.25
2013-06-21T16:00:00-04:00,96388.25
2013-06-27T16:00:00-04:00,96388.25
2013-07-01T16:00:00-04:00,97386.21
2013-07-01T16:00:00-04:00,96886.65
2013-07-08T16:00:00-04:00,96389.14
2013-07-11T16:00:00-04:00,96389.14
2013-07-12T16:00:00-04:00,96389.14
2013-07-15T16:00:00-04:00,95889.22
2013-07-16T16:00:00-04:00,95395.06
2013-07-19T16:00:00-04:00,95395.06
2013-07-22T16:00:00-04:00,95395.06
2013-07-29T16:00:00-04:00,95395.06
2013-07-30T16:00:00-04:00,94895.20
2013-07-30T16:00:00-04:00,94397.40
2013-08-02T16:00:00-04:00,95395.62
2013-08-05T16:00:00-04:00,95395.62
2013-08-06T16:00:00-04:00,95395.62
2013-08-07T16:00:00-04:00,94959.52
2013-08-16T16:00:00-04:00,94959.52
2013-08-20T16:00:00-04:00,94959.52
2013-08-22T16:00:00-04:00,94459.93
2013-08-26T16:00:00-04:00,94459.93
2013-08-27T16:00:00-04:00,93959.97
2013-09-05T16:00:00-04:00,93959.97
2013-09-10T16:00:00-04:00,93959.97
2013-09-10T16:00:00-04:00,93462.82
2013-09-11T16:00:00-04:00,93462.82
2013-09-12T16:00:00-04:00,93462.82
2013-09-16T16:00:00-04:00,94462.78
2013-09-16T16:00:00-04:00,95461.54
2013-09-20T16:00:00-04:00,96456.24
2013-09-23T16:00:00-04:00,96456.24
2013-09-23T16:00:00-04:00,95958.96
2013-09-24T16:00:00-04:00,95958.96
2013-09-27T16:00:00-04:00,95958.96
2013-09-30T16:00:00-04:00,96954.44
2013-10-04T16:00:00-04:00,96954.44
2013-10-04T16:00:00-04:00,96454.64
2013-10-09T16:00:00-04:00,96454.64
2013-10-10T16:00:00-04:00,95955.96
2013-10-10T16:00:00-04:00,95456.26
2013-10-14T16:00:00-04:00,95456.26
2013-10-14T16:00:00-04:00,96280.42
2013-10-14T16:00:00-04:00,96780.26
2013-10-15T16:00:00-04:00,97775.86
2013-10-18T16:00:00-04:00,97775.86
2013-10-21T16:00:00-04:00,97775.86
2013-10-23T16:00:00-04:00,97276.30
2013-10-24T16:00:00-04:00,97276.30
2013-10-28T16:00:00-04:00,98276.30
2013-11-05T16:00:00-05:00,98276.30
2013-11-06T16:00:00-05:00,97787.12
2013-11-08T16:00:00-05:00,97787.12
2013-11-12T16:00:00-05:00,97787.12
2013-11-14T16:00:00-05:00,98785.04
2013-11-18T16:00:00-05:00,98785.04
2013-11-19T16:00:00-05:00,98285.08
2013-11-20T16:00:00-05:00,98285.08
2013-11-21T16:00:00-05:00,98285.08
2013-11-22T16:00:00-05:00,99275.44
2013-11-25T16:00:00-05:00,99275.44
2013-11-26T16:00:00-05:00,100273.64
2013-11-26T16:00:00-05:00,99773.92
2013-12-10T16:00:00-05:00,99773.92
2013-12-10T16:00:00-05:00,99274.20
2013-12-12T16:00:00-05:00,99274.20
2013-12-16T16:00:00-05:00,99274.20
2013-12-18T16:00:00-05:00,98774.74
2013-12-20T16:00:00-05:00,98275.51
2013-12-23T16:00:00-05:00,99275.11
2013-12-24T16:00:00-05:00,99275.11
2013-12-26T16:00:00-05:00,99275.11
2014-01-03T16:00:00-05:00,98775.43
2014-01-06T16:00:00-05:00,98775.43
2014-01-06T16:00:00-05:00,98275.48
2014-01-08T16:00:00-05:00,97775.68
2014-01-09T16:00:00-05:00,97775.68
2014-01-09T16:00:00-05:00,97278.26
2014-01-13T16:00:00-05:00,97278.26
2014-01-13T16:00:00-05:00,98276.66
2014-01-14T16:00:00-05:00,98276.66
2014-01-14T16:00:00-05:00,97776.93
2014-01-16T16:00:00-05:00,97776.93
2014-01-22T16:00:00-05:00,97276.96
2014-01-27T16:00:00-05:00,97276.96
2014-02-03T16:00:00-05:00,98275.36
2014-02-04T16:00:00-05:00,98275.36
2014-02-05T16:00:00-05:00,99273.64
2014-02-07T16:00:00-05:00,98775.04
2014-02-07T16:00:00-05:00,98275.72
2014-02-10T16:00:00-05:00,98275.72
2014-02-11T16:00:00-05:00,98275.72
2014-02-12T16:00:00-05:00,99275.16
2014-02-13T16:00:00-05:00,100273.92
2014-02-19T16:00:00-05:00,100273.92
2014-02-21T16:00:00-05:00,100273.92
2014-02-24T16:00:00-05:00,101258.22
2014-02-28T16:00:00-05:00,100758.42
2014-03-03T16:00:00-05:00,100258.58
2014-03-06T16:00:00-05:00,100258.58
2014-03-06T16:00:00-05:00,99758.62
2014-03-11T16:00:00-04:00,99758.62
2014-03-11T16:00:00-04:00,99258.62
2014-03-11T16:00:00-04:00,98764.62
2014-03-19T16:00:00-04:00,98764.62
2014-03-19T16:00:00-04:00,98265.07
2014-03-19T16:00:00-04:00,97765.27
2014-03-19T16:00:00-04:00,97268.41
2014-03-24T16:00:00-04:00,97268.41
2014-03-24T16:00:00-04:00,98261.71
2014-03-28T16:00:00-04:00,98261.71
2014-03-28T16:00:00-04:00,97892.91
2014-04-02T16:00:00-04:00,97892.91
2014-04-03T16:00:00-04:00,97892.91
2014-04-04T16:00:00-04:00,97394.07
2014-04-04T16:00:00-04:00,96904.07
2014-04-04T16:00:00-04:00,96404.26
2014-04-07T16:00:00-04:00,96404.26
2014-04-17T16:00:00-04:00,96404.26
2014-04-22T16:00:00-04:00,97403.02
2014-04-24T16:00:00-04:00,97403.02
2014-04-25T16:00:00-04:00,96903.62
2014-04-25T16:00:00-04:00,96403.82
2014-04-29T16:00:00-04:00,96403.82
2014-05-01T16:00:00-04:00,96403.82
2014-05-06T16:00:00-04:00,97403.78
2014-05-07T16:00:00-04:00,96903.83
2014-05-14T16:00:00-04:00,96903.83
2014-05-16T16:00:00-04:00,96903.83
2014-05-19T16:00:00-04:00,96404.15
2014-05-22T16:00:00-04:00,97403.75
2014-05-22T16:00:00-04:00,96903.95
2014-05-23T16:00:00-04:00,96903.95
2014-05-27T16:00:00-04:00,97903.53
2014-05-28T16:00:00-04:00,97903.53
2014-06-02T16:00:00-04:00,97903.53
2014-06-05T16:00:00-04:00,98901.98
2014-06-06T16:00:00-04:00,98901.98
2014-06-12T16:00:00-04:00,99901.58
2014-06-13T16:00:00-04:00,99901.58
2014-06-18T16:00:00-04:00,99901.58
2014-06-19T16:00:00-04:00,99401.74
2014-06-23T16:00:00-04:00,99401.74
2014-07-01T16:00:00-04:00,99401.74
2014-07-02T16:00:00-04:00,99401.74
2014-07-03T16:00:00-04:00,100399.10
2014-07-07T16:00:00-04:00,99906.05
2014-07-09T16:00:00-04:00,99906.05
2014-07-14T16:00:00-04:00,99406.37
2014-07-15T16:00:00-04:00,99406.37
2014-07-18T16:00:00-04:00,98906.39
2014-07-21T16:00:00-04:00,98906.39
2014-07-24T16:00:00-04:00,98906.39
2014-07-31T16:00:00-04:00,98906.39
2014-08-05T16:00:00-04:00,98409.59
2014-08-06T16:00:00-04:00,99409.19
2014-08-08T16:00:00-04:00,98909.39
2014-08-15T16:00:00-04:00,98909.39
2014-08-20T16:00:00-04:00,98909.39
2014-08-25T16:00:00-04:00,99908.49
2014-08-27T16:00:00-04:00,99908.49
2014-09-03T16:00:00-04:00,99908.49
2014-09-04T16:00:00-04:00,100908.33
2014-09-05T16:00:00-04:00,100413.64
2014-09-09T16:00:00-04:00,99913.77
2014-09-10T16:00:00-04:00,99913.77
2014-09-11T16:00:00-04:00,100913.49
2014-09-15T16:00:00-04:00,100913.49
2014-09-16T16:00:00-04:00,100913.49
2014-09-17T16:00:00-04:00,100413.81
2014-09-19T16:00:00-04:00,100413.81
2014-09-19T16:00:00-04:00,99913.85
2014-09-23T16:00:00-04:00,99913.85
2014-09-25T16:00:00-04:00,100913.45
2014-10-03T16:00:00-04:00,100416.65
2014-10-13T16:00:00-04:00,100416.65
2014-10-14T16:00:00-04:00,100416.65
2014-10-15T16:00:00-04:00,101414.67
2014-10-15T16:00:00-04:00,102413.85
2014-10-17T16:00:00-04:00,101914.47
2014-10-21T16:00:00-04:00,101914.47
2014-10-27T16:00:00-04:00,101914.47
2014-10-28T16:00:00-04:00,101421.67
2014-10-29T16:00:00-04:00,102418.03
2014-10-31T16:00:00-04:00,103415.39
2014-11-06T16:00:00-05:00,103415.39
2014-11-06T16:00:00-05:00,102920.75
2014-11-07T16:00:00-05:00,102920.75
2014-11-12T16:00:00-05:00,102920.75
2014-11-21T16:00:00-05:00,103918.31
2014-11-28T16:00:00-05:00,103918.31
2014-12-01T16:00:00-05:00,103418.59
2014-12-02T16:00:00-05:00,103418.59
2014-12-04T16:00:00-05:00,103418.59
2014-12-08T16:00:00-05:00,104381.09
2014-12-08T16:00:00-05:00,105376.49
2014-12-09T16:00:00-05:00,105376.49
2014-12-11T16:00:00-05:00,105376.49
2014-12-11T16:00:00-05:00,104876.69
2014-12-12T16:00:00-05:00,105876.05
2014-12-16T16:00:00-05:00,105876.05
2014-12-18T16:00:00-05:00,105377.09
2014-12-18T16:00:00-05:00,104879.39
2014-12-18T16:00:00-05:00,104380.88
2014-12-23T16:00:00-05:00,104380.88
2014-12-26T16:00:00-05:00,103884.24
2015-01-02T16:00:00-05:00,103384.74
2015-01-05T16:00:00-05:00,104382.94
2015-01-06T16:00:00-05:00,105382.34
2015-01-07T16:00:00-05:00,105382.34
2015-01-08T16:00:00-05:00,104882.54
2015-01-09T16:00:00-05:00,104882.54
2015-01-09T16:00:00-05:00,104383.67
2015-01-14T16:00:00-05:00,105375.43
2015-01-22T16:00:00-05:00,105375.43
2015-01-23T16:00:00-05:00,105375.43
2015-01-27T16:00:00-05:00,104875.54
2015-01-28T16:00:00-05:00,104376.27
2015-01-28T16:00:00-05:00,103879.12
2015-02-02T16:00:00-05:00,104879.02
2015-02-04T16:00:00-05:00,104879.02
2015-02-06T16:00:00-05:00,104879.02
2015-02-09T16:00:00-05:00,104379.30
2015-02-11T16:00:00-05:00,103880.88
2015-02-13T16:00:00-05:00,103880.88
2015-02-20T16:00:00-05:00,104880.88
2015-02-24T16:00:00-05:00,104381.75
2015-03-10T16:00:00-04:00,104381.75
2015-03-11T16:00:00-04:00,103887.29
2015-03-12T16:00:00-04:00,103887.29
2015-03-13T16:00:00-04:00,103387.49
2015-03-18T16:00:00-04:00,103387.49
2015-03-18T16:00:00-04:00,102887.69
2015-03-25T16:00:00-04:00,102887.69
2015-03-25T16:00:00-04:00,103887.27
2015-03-26T16:00:00-04:00,103887.27
2015-03-27T16:00:00-04:00,103887.27
2015-03-31T16:00:00-04:00,103887.27
2015-04-02T16:00:00-04:00,103887.27
2015-04-06T16:00:00-04:00,103389.63
2015-04-07T16:00:00-04:00,103389.63
2015-04-10T16:00:00-04:00,102893.56
2015-04-13T16:00:00-04:00,103885.54
2015-04-17T16:00:00-04:00,103386.34
2015-04-20T16:00:00-04:00,103386.34
2015-04-23T16:00:00-04:00,102886.50
2015-04-27T16:00:00-04:00,103873.50
2015-04-27T16:00:00-04:00,103373.94
2015-05-01T16:00:00-04:00,103373.94
2015-05-04T16:00:00-04:00,102874.42
2015-05-07T16:00:00-04:00,102874.42
2015-05-08T16:00:00-04:00,102375.31
2015-05-08T16:00:00-04:00,101876.83
2015-05-13T16:00:00-04:00,101876.83
2015-05-15T16:00:00-04:00,101876.83
2015-05-20T16:00:00-04:00,101876.83
2015-05-21T16:00:00-04:00,101377.03
2015-05-29T16:00:00-04:00,101377.03
2015-06-03T16:00:00-04:00,100877.23
2015-06-04T16:00:00-04:00,100877.23
2015-06-05T16:00:00-04:00,100377.43
2015-06-08T16:00:00-04:00,99877.87
2015-06-09T16:00:00-04:00,99877.87
2015-06-10T16:00:00-04:00,99378.07
2015-06-18T16:00:00-04:00,99378.07
2015-06-19T16:00:00-04:00,99378.07
2015-06-19T16:00:00-04:00,98878.15
2015-06-23T16:00:00-04:00,99876.67
2015-06-24T16:00:00-04:00,99876.67
2015-06-26T16:00:00-04:00,99376.87
2015-06-29T16:00:00-04:00,99376.87
2015-06-30T16:00:00-04:00,99376.87
2015-07-01T16:00:00-04:00,98877.26
2015-07-02T16:00:00-04:00,99875.26
2015-07-07T16:00:00-04:00,100875.26
2015-07-09T16:00:00-04:00,100875.26
2015-07-09T16:00:00-04:00,100376.46
2015-07-14T16:00:00-04:00,99877.36
2015-07-16T16:00:00-04:00,100876.40
2015-07-24T16:00:00-04:00,100876.40
2015-07-24T16:00:00-04:00,101875.40
2015-07-27T16:00:00-04:00,101875.40
2015-07-30T16:00:00-04:00,101875.40
2015-08-05T16:00:00-04:00,102874.84
2015-08-06T16:00:00-04:00,102375.52
2015-08-11T16:00:00-04:00,102375.52
2015-08-19T16:00:00-04:00,102375.52
2015-08-20T16:00:00-04:00,101881.31
2015-08-20T16:00:00-04:00,101381.81
2015-08-21T16:00:00-04:00,102379.81
2015-08-24T16:00:00-04:00,103375.65
2015-08-24T16:00:00-04:00,104375.25
2015-08-24T16:00:00-04:00,105371.91
2015-08-28T16:00:00-04:00,105371.91
2015-08-31T16:00:00-04:00,105371.91
2015-08-31T16:00:00-04:00,106368.21
2015-09-01T16:00:00-04:00,105868.53
2015-09-01T16:00:00-04:00,105369.93
2015-09-16T16:00:00-04:00,105369.93
2015-09-17T16:00:00-04:00,106369.47
2015-09-17T16:00:00-04:00,107369.07
2015-09-18T16:00:00-04:00,106869.97
2015-10-06T16:00:00-04:00,106869.97
2015-10-06T16:00:00-04:00,107869.65
2015-10-08T16:00:00-04:00,107869.65
2015-10-09T16:00:00-04:00,107869.65
2015-10-13T16:00:00-04:00,108860.25
2015-10-15T16:00:00-04:00,108860.25
2015-10-20T16:00:00-04:00,108860.25
2015-10-23T16:00:00-04:00,109859.07
2015-11-03T16:00:00-05:00,109859.07
2015-11-03T16:00:00-05:00,109359.15
2015-11-04T16:00:00-05:00,109359.15
2015-11-05T16:00:00-05:00,108860.01
2015-11-06T16:00:00-05:00,108360.45
2015-11-06T16:00:00-05:00,109360.35
2015-11-10T16:00:00-05:00,109360.35
2015-11-11T16:00:00-05:00,109360.35
2015-11-13T16:00:00-05:00,110358.27
2015-11-16T16:00:00-05:00,111354.51
2015-11-16T16:00:00-05:00,110857.71
2015-11-17T16:00:00-05:00,110357.84
2015-11-17T16:00:00-05:00,109858.64
2015-11-19T16:00:00-05:00,109858.64
2015-11-27T16:00:00-05:00,109858.64
2015-12-01T16:00:00-05:00,109858.64
2015-12-04T16:00:00-05:00,110857.82
2015-12-11T16:00:00-05:00,110358.32
2015-12-11T16:00:00-05:00,109866.81
2015-12-17T16:00:00-05:00,109866.81
2015-12-18T16:00:00-05:00,109370.01
2015-12-24T16:00:00-05:00,109370.01
2015-12-28T16:00:00-05:00,108870.69
2016-01-04T16:00:00-05:00,108381.92
2016-01-08T16:00:00-05:00,108381.92
2016-01-08T16:00:00-05:00,109381.48
2016-01-11T16:00:00-05:00,109381.48
2016-01-13T16:00:00-05:00,110379.40
2016-01-13T16:00:00-05:00,111373.00
2016-01-15T16:00:00-05:00,112372.68
2016-01-25T16:00:00-05:00,112372.68
2016-01-25T16:00:00-05:00,111872.88
2016-01-28T16:00:00-05:00,111872.88
2016-01-28T16:00:00-05:00,112870.76
2016-02-02T16:00:00-05:00,112870.76
2016-02-02T16:00:00-05:00,112371.26
2016-02-04T16:00:00-05:00,112371.26
2016-02-09T16:00:00-05:00,113351.02
2016-02-09T16:00:00-05:00,112851.30
2016-02-09T16:00:00-05:00,112361.91
2016-02-17T16:00:00-05:00,112361.91
2016-02-18T16:00:00-05:00,112361.91
2016-03-01T16:00:00-05:00,113359.83
2016-03-02T16:00:00-05:00,114355.29
2016-03-03T16:00:00-05:00,114355.29
2016-03-03T16:00:00-05:00,113855.31
2016-03-04T16:00:00-05:00,114831.19
2016-03-07T16:00:00-05:00,114831.19
2016-03-09T16:00:00-05:00,114831.19
2016-03-11T16:00:00-05:00,115829.11
2016-03-15T16:00:00-04:00,115829.11
2016-03-15T16:00:00-04:00,115329.31
2016-03-16T16:00:00-04:00,115329.31
2016-03-18T16:00:00-04:00,116317.31
2016-03-23T16:00:00-04:00,116317.31
2016-03-24T16:00:00-04:00,115817.51
2016-03-28T16:00:00-04:00,115324.81
2016-03-29T16:00:00-04:00,116322.09
2016-03-30T16:00:00-04:00,116322.09
2016-04-15T16:00:00-04:00,117321.21
2016-04-18T16:00:00-04:00,117321.21
2016-04-18T16:00:00-04:00,116821.48
2016-04-28T16:00:00-04:00,116821.48
2016-04-28T16:00:00-04:00,116321.86
2016-05-02T16:00:00-04:00,116321.86
2016-05-02T16:00:00-04:00,115821.88
2016-05-04T16:00:00-04:00,116819.80
2016-05-05T16:00:00-04:00,116819.80
2016-05-05T16:00:00-04:00,117815.80
2016-05-11T16:00:00-04:00,117815.80
2016-05-12T16:00:00-04:00,117316.58
2016-05-17T16:00:00-04:00,117316.58
2016-05-23T16:00:00-04:00,117316.58
2016-05-24T16:00:00-04:00,118315.22
2016-05-26T16:00:00-04:00,118315.22
2016-05-27T16:00:00-04:00,118315.22
2016-05-31T16:00:00-04:00,119314.68
2016-06-01T16:00:00-04:00,118815.72
2016-06-13T16:00:00-04:00,118815.72
2016-06-14T16:00:00-04:00,118815.72
2016-06-22T16:00:00-04:00,119815.18
2016-06-23T16:00:00-04:00,119317.48
2016-06-28T16:00:00-04:00,119317.48
2016-06-30T16:00:00-04:00,119317.48
2016-07-05T16:00:00-04:00,118817.53
2016-07-08T16:00:00-04:00,119815.22
2016-07-11T16:00:00-04:00,119815.22
2016-07-12T16:00:00-04:00,120814.54
2016-07-12T16:00:00-04:00,121810.86
2016-07-20T16:00:00-04:00,121810.86
2016-07-25T16:00:00-04:00,122810.18
2016-07-26T16:00:00-04:00,123809.50
2016-07-27T16:00:00-04:00,124806.50
2016-07-27T16:00:00-04:00,124306.95
2016-08-08T16:00:00-04:00,124306.95
2016-08-12T16:00:00-04:00,125304.97
2016-08-15T16:00:00-04:00,125304.97
2016-08-18T16:00:00-04:00,125304.97
2016-08-26T16:00:00-04:00,125304.97
2016-08-26T16:00:00-04:00,126304.29
2016-09-01T16:00:00-04:00,126304.29
2016-09-01T16:00:00-04:00,125804.50
2016-09-06T16:00:00-04:00,125804.50
2016-09-06T16:00:00-04:00,125307.08
2016-09-07T16:00:00-04:00,125307.08
2016-09-08T16:00:00-04:00,124807.79
2016-09-09T16:00:00-04:00,124309.31
2016-09-12T16:00:00-04:00,124309.31
2016-09-15T16:00:00-04:00,123809.93
2016-09-16T16:00:00-04:00,123809.93
2016-09-19T16:00:00-04:00,123809.93
2016-09-22T16:00:00-04:00,123313.45
2016-09-23T16:00:00-04:00,123313.45
2016-09-27T16:00:00-04:00,123313.45
2016-09-30T16:00:00-04:00,123313.45
2016-10-07T16:00:00-04:00,122817.45
2016-10-11T16:00:00-04:00,122318.94
2016-10-20T16:00:00-04:00,122318.94
2016-10-20T16:00:00-04:00,121819.56
2016-10-25T16:00:00-04:00,121819.56
2016-10-26T16:00:00-04:00,121819.56
2016-10-28T16:00:00-04:00,121819.56
2016-11-01T16:00:00-04:00,121319.76
2016-11-01T16:00:00-04:00,120820.64
2016-11-01T16:00:00-04:00,121817.44
2016-11-04T16:00:00-04:00,121817.44
2016-11-07T16:00:00-05:00,121317.49
2016-11-16T16:00:00-05:00,121317.49
2016-11-17T16:00:00-05:00,121317.49
2016-11-28T16:00:00-05:00,121317.49
2016-11-29T16:00:00-05:00,122317.09
2016-12-01T16:00:00-05:00,122317.09
2016-12-01T16:00:00-05:00,123314.13
2016-12-02T16:00:00-05:00,123314.13
2016-12-05T16:00:00-05:00,122816.93
2016-12-07T16:00:00-05:00,122317.23
2016-12-08T16:00:00-05:00,123315.45
2016-12-14T16:00:00-05:00,123315.45
2016-12-15T16:00:00-05:00,123315.45
2016-12-21T16:00:00-05:00,124314.21
2016-12-22T16:00:00-05:00,125305.59
2016-12-23T16:00:00-05:00,125305.59
2016-12-27T16:00:00-05:00,126305.19
2016-12-28T16:00:00-05:00,126305.19
2016-12-29T16:00:00-05:00,125807.49
2017-01-03T16:00:00-05:00,125807.49
2017-01-03T16:00:00-05:00,125307.65
2017-01-03T16:00:00-05:00,124808.69
2017-01-05T16:00:00-05:00,124808.69
2017-01-10T16:00:00-05:00,124808.69
2017-01-10T16:00:00-05:00,124308.69
2017-01-25T16:00:00-05:00,124308.69
2017-01-26T16:00:00-05:00,124308.69
2017-01-27T16:00:00-05:00,123810.79
2017-02-03T16:00:00-05:00,123810.79
2017-02-06T16:00:00-05:00,124805.63
2017-02-07T16:00:00-05:00,124805.63
2017-02-13T16:00:00-05:00,124307.30
2017-02-14T16:00:00-05:00,124307.30
2017-02-15T16:00:00-05:00,125304.57
2017-02-17T16:00:00-05:00,125304.57
2017-02-21T16:00:00-05:00,124807.57
2017-02-22T16:00:00-05:00,124807.57
2017-03-09T16:00:00-05:00,124807.57
2017-03-10T16:00:00-05:00,124807.57
2017-03-14T16:00:00-04:00,124307.77
2017-03-20T16:00:00-04:00,125303.05
2017-03-27T16:00:00-04:00,124804.09
2017-03-28T16:00:00-04:00,124804.09
2017-03-30T16:00:00-04:00,124804.09
2017-03-31T16:00:00-04:00,124804.09
2017-04-05T16:00:00-04:00,124804.09
2017-04-05T16:00:00-04:00,124308.43
2017-04-10T16:00:00-04:00,125275.55
2017-04-11T16:00:00-04:00,125275.55
2017-04-11T16:00:00-04:00,124775.86
2017-04-13T16:00:00-04:00,124775.86
2017-04-20T16:00:00-04:00,124282.44
2017-04-21T16:00:00-04:00,124282.44
2017-04-25T16:00:00-04:00,123784.68
2017-04-25T16:00:00-04:00,124782.82
2017-04-26T16:00:00-04:00,124782.82
2017-05-01T16:00:00-04:00,125781.94
2017-05-02T16:00:00-04:00,125781.94
2017-05-03T16:00:00-04:00,125285.68
2017-05-05T16:00:00-04:00,125285.68
2017-05-05T16:00:00-04:00,124787.41
2017-05-08T16:00:00-04:00,124787.41
2017-05-09T16:00:00-04:00,124787.41
2017-05-11T16:00:00-04:00,124787.41
2017-05-15T16:00:00-04:00,125776.33
2017-05-16T16:00:00-04:00,126776.33
2017-05-17T16:00:00-04:00,126276.67
2017-05-23T16:00:00-04:00,126276.67
2017-05-23T16:00:00-04:00,125778.97
2017-05-24T16:00:00-04:00,125778.97
2017-05-24T16:00:00-04:00,125281.01
2017-05-26T16:00:00-04:00,125281.01
2017-05-30T16:00:00-04:00,126265.89
2017-06-02T16:00:00-04:00,127263.43
2017-06-05T16:00:00-04:00,127263.43
2017-06-08T16:00:00-04:00,127263.43
2017-06-09T16:00:00-04:00,126764.05
2017-06-09T16:00:00-04:00,126265.30
2017-06-09T16:00:00-04:00,125773.20
2017-06-28T16:00:00-04:00,125773.20
2017-06-28T16:00:00-04:00,125274.26
2017-07-05T16:00:00-04:00,126265.70
2017-07-07T16:00:00-04:00,125766.42
2017-07-11T16:00:00-04:00,125270.70
2017-07-12T16:00:00-04:00,126268.98
2017-07-13T16:00:00-04:00,127260.85
2017-07-14T16:00:00-04:00,127260.85
2017-08-07T16:00:00-04:00,127260.85
2017-08-08T16:00:00-04:00,127260.85
2017-08-09T16:00:00-04:00,126766.09
2017-08-11T16:00:00-04:00,126766.09
2017-08-14T16:00:00-04:00,126267.13
2017-08-14T16:00:00-04:00,125768.61
2017-08-18T16:00:00-04:00,125768.61
2017-08-18T16:00:00-04:00,126767.79
2017-08-21T16:00:00-04:00,126276.04
2017-08-24T16:00:00-04:00,125777.06
2017-09-01T16:00:00-04:00,125777.06
2017-09-05T16:00:00-04:00,125278.31
2017-09-05T16:00:00-04:00,124778.75
2017-09-07T16:00:00-04:00,124778.75
2017-09-07T16:00:00-04:00,124278.85
2017-09-13T16:00:00-04:00,124278.85
2017-09-14T16:00:00-04:00,124278.85
2017-09-14T16:00:00-04:00,125278.47
2017-09-18T16:00:00-04:00,125278.47
2017-09-20T16:00:00-04:00,124780.17
2017-09-22T16:00:00-04:00,124780.17
2017-09-25T16:00:00-04:00,125772.81
2017-09-26T16:00:00-04:00,125772.81
2017-10-03T16:00:00-04:00,125772.81
2017-10-06T16:00:00-04:00,125772.81
2017-10-17T16:00:00-04:00,125772.81
2017-10-18T16:00:00-04:00,125772.81
2017-10-19T16:00:00-04:00,125276.16
2017-10-23T16:00:00-04:00,125276.16
2017-10-23T16:00:00-04:00,126275.54
2017-10-31T16:00:00-04:00,126275.54
2017-11-02T16:00:00-04:00,125775.74
2017-11-07T16:00:00-05:00,125775.74
2017-11-09T16:00:00-05:00,125279.17
2017-11-09T16:00:00-05:00,124782.52
2017-11-27T16:00:00-05:00,124782.52
2017-11-30T16:00:00-05:00,124782.52
2017-12-12T16:00:00-05:00,124782.52
2017-12-13T16:00:00-05:00,124782.52
2017-12-14T16:00:00-05:00,124782.52
2017-12-18T16:00:00-05:00,125782.12
2017-12-19T16:00:00-05:00,125782.12
2017-12-20T16:00:00-05:00,125291.62
2017-12-21T16:00:00-05:00,125291.62
2017-12-21T16:00:00-05:00,124793.20
2017-12-22T16:00:00-05:00,124296.40
2017-12-27T16:00:00-05:00,124296.40
2018-01-03T16:00:00-05:00,123804.86
2018-01-03T16:00:00-05:00,123312.58
2018-01-04T16:00:00-05:00,123312.58
2018-01-12T16:00:00-05:00,124310.50
2018-01-16T16:00:00-05:00,124310.50
2018-01-18T16:00:00-05:00,124310.50
2018-01-23T16:00:00-05:00,125295.32
2018-01-26T16:00:00-05:00,126292.34
2018-01-26T16:00:00-05:00,127285.82
2018-01-29T16:00:00-05:00,126793.02
2018-01-30T16:00:00-05:00,126793.02
2018-02-05T16:00:00-05:00,126297.02
2018-02-05T16:00:00-05:00,127284.32
2018-02-06T16:00:00-05:00,128274.20
2018-02-07T16:00:00-05:00,127792.70
2018-02-08T16:00:00-05:00,128788.96
2018-02-15T16:00:00-05:00,128788.96
2018-02-26T16:00:00-05:00,128788.96
2018-02-27T16:00:00-05:00,128788.96
2018-02-27T16:00:00-05:00,128289.76
2018-02-27T16:00:00-05:00,127791.01
2018-02-28T16:00:00-05:00,127291.81
2018-03-02T16:00:00-05:00,127291.81
2018-03-05T16:00:00-05:00,126793.13
2018-03-06T16:00:00-05:00,126299.34
2018-03-09T16:00:00-05:00,125812.44
2018-03-12T16:00:00-04:00,125812.44
2018-03-13T16:00:00-04:00,125812.44
2018-03-14T16:00:00-04:00,125314.50
2018-03-19T16:00:00-04:00,124816.42
2018-03-20T16:00:00-04:00,124816.42
2018-03-22T16:00:00-04:00,125811.74
2018-03-26T16:00:00-04:00,125811.74
2018-03-26T16:00:00-04:00,125312.05
2018-03-26T16:00:00-04:00,124813.09
2018-03-26T16:00:00-04:00,124313.12
2018-03-26T16:00:00-04:00,125312.30
2018-03-27T16:00:00-04:00,124814.96
2018-03-27T16:00:00-04:00,125812.70
2018-03-29T16:00:00-04:00,125812.70
2018-03-29T16:00:00-04:00,125312.91
2018-04-11T16:00:00-04:00,125312.91
2018-04-12T16:00:00-04:00,126311.83
2018-04-13T16:00:00-04:00,127311.43
2018-04-18T16:00:00-04:00,127311.43
2018-04-19T16:00:00-04:00,126812.85
2018-04-23T16:00:00-04:00,126812.85
2018-04-24T16:00:00-04:00,127810.41
2018-05-07T16:00:00-04:00,127810.41
2018-05-08T16:00:00-04:00,127810.41
2018-05-10T16:00:00-04:00,128800.41
2018-05-11T16:00:00-04:00,128800.41
2018-05-15T16:00:00-04:00,128301.15
2018-05-31T16:00:00-04:00,128301.15
2018-06-04T16:00:00-04:00,129299.73
2018-06-05T16:00:00-04:00,129299.73
2018-06-06T16:00:00-04:00,128801.48
2018-06-13T16:00:00-04:00,128801.48
2018-06-14T16:00:00-04:00,129799.01
2018-06-19T16:00:00-04:00,129303.97
2018-06-19T16:00:00-04:00,128813.61
2018-06-20T16:00:00-04:00,129811.53
2018-06-25T16:00:00-04:00,129811.53
2018-07-09T16:00:00-04:00,129313.22
2018-07-10T16:00:00-04:00,129313.22
2018-07-11T16:00:00-04:00,129313.22
2018-07-23T16:00:00-04:00,129313.22
2018-07-25T16:00:00-04:00,130310.32
2018-07-26T16:00:00-04:00,130310.32
2018-07-27T16:00:00-04:00,129811.12
2018-07-31T16:00:00-04:00,129811.12
2018-07-31T16:00:00-04:00,129314.46
2018-08-02T16:00:00-04:00,128822.26
2018-08-03T16:00:00-04:00,128822.26
2018-08-07T16:00:00-04:00,128822.26
2018-08-08T16:00:00-04:00,128324.98
2018-08-15T16:00:00-04:00,127826.02
2018-08-17T16:00:00-04:00,127333.02
2018-08-20T16:00:00-04:00,127333.02
2018-08-20T16:00:00-04:00,126833.74
2018-08-23T16:00:00-04:00,126833.74
2018-08-28T16:00:00-04:00,127832.54
2018-08-30T16:00:00-04:00,128828.94
2018-09-05T16:00:00-04:00,128330.38
2018-09-06T16:00:00-04:00,128330.38
2018-09-07T16:00:00-04:00,128330.38
2018-09-14T16:00:00-04:00,127834.22
2018-09-24T16:00:00-04:00,127834.22
2018-09-25T16:00:00-04:00,127335.02
2018-09-26T16:00:00-04:00,126836.54
2018-09-27T16:00:00-04:00,126836.54
2018-09-28T16:00:00-04:00,126341.32
2018-10-02T16:00:00-04:00,126341.32
2018-10-03T16:00:00-04:00,125844.12
2018-10-05T16:00:00-04:00,125844.12
2018-10-08T16:00:00-04:00,125844.12
2018-10-10T16:00:00-04:00,126837.72
2018-10-11T16:00:00-04:00,127810.12
2018-10-12T16:00:00-04:00,127810.12
2018-10-12T16:00:00-04:00,127311.24
2018-10-12T16:00:00-04:00,128308.08
2018-10-17T16:00:00-04:00,128308.08
2018-10-19T16:00:00-04:00,127824.24
2018-10-22T16:00:00-04:00,127824.24
2018-10-23T16:00:00-04:00,127340.49
2018-10-23T16:00:00-04:00,126846.59
2018-10-24T16:00:00-04:00,127838.35
2018-10-25T16:00:00-04:00,127838.35
2018-10-29T16:00:00-04:00,127838.35
2018-10-30T16:00:00-04:00,127838.35
2018-10-31T16:00:00-04:00,127344.15
2018-10-31T16:00:00-04:00,126851.91
2018-11-02T16:00:00-04:00,126354.27
2018-11-02T16:00:00-04:00,125861.79
2018-11-02T16:00:00-04:00,125364.04
2018-11-02T16:00:00-04:00,124865.86
2018-11-05T16:00:00-05:00,124370.48
2018-11-07T16:00:00-05:00,123871.07
2018-11-08T16:00:00-05:00,123871.07
2018-11-09T16:00:00-05:00,123371.10
2018-11-09T16:00:00-05:00,122871.15
2018-11-13T16:00:00-05:00,122871.15
2018-11-13T16:00:00-05:00,122374.01
2018-11-16T16:00:00-05:00,121875.41
2018-11-19T16:00:00-05:00,122871.71
2018-11-20T16:00:00-05:00,123869.85
2018-11-20T16:00:00-05:00,124866.21
2018-11-28T16:00:00-05:00,124866.21
2018-11-30T16:00:00-05:00,124366.53
2018-12-03T16:00:00-05:00,125364.13
2018-12-03T16:00:00-05:00,126357.01
2018-12-17T16:00:00-05:00,126357.01
2018-12-18T16:00:00-05:00,126357.01
2018-12-19T16:00:00-05:00,127347.83
2018-12-20T16:00:00-05:00,128343.83
2018-12-24T16:00:00-05:00,127850.71
2018-12-24T16:00:00-05:00,128827.21
2018-12-28T16:00:00-05:00,128334.31
2018-12-28T16:00:00-05:00,127843.49
2019-01-02T16:00:00-05:00,127348.04
2019-01-08T16:00:00-05:00,127348.04
2019-01-14T16:00:00-05:00,127348.04
2019-01-14T16:00:00-05:00,126849.86
2019-01-15T16:00:00-05:00,126849.86
2019-01-18T16:00:00-05:00,126365.68
2019-01-23T16:00:00-05:00,126365.68
2019-01-28T16:00:00-05:00,125873.20
2019-01-28T16:00:00-05:00,125376.03
2019-01-30T16:00:00-05:00,124880.03
2019-01-31T16:00:00-05:00,125873.63
2019-01-31T16:00:00-05:00,126871.55
2019-01-31T16:00:00-05:00,126372.06
2019-02-01T16:00:00-05:00,126372.06
2019-02-04T16:00:00-05:00,127371.06
2019-02-05T16:00:00-05:00,127371.06
2019-02-06T16:00:00-05:00,127371.06
2019-02-07T16:00:00-05:00,126872.38
2019-02-08T16:00:00-05:00,126375.10
2019-02-13T16:00:00-05:00,126375.10
2019-02-14T16:00:00-05:00,126375.10
2019-02-20T16:00:00-05:00,126375.10
2019-02-22T16:00:00-05:00,126375.10
2019-02-25T16:00:00-05:00,127370.40
2019-02-27T16:00:00-05:00,126871.65
2019-02-27T16:00:00-05:00,126375.04
2019-03-05T16:00:00-05:00,126375.04
2019-03-07T16:00:00-05:00,126375.04
2019-03-08T16:00:00-05:00,126375.04
2019-03-11T16:00:00-04:00,125878.24
2019-03-11T16:00:00-04:00,125379.12
2019-03-11T16:00:00-04:00,124880.97
2019-03-12T16:00:00-04:00,124880.97
2019-03-14T16:00:00-04:00,124880.97
2019-03-15T16:00:00-04:00,124383.80
2019-03-19T16:00:00-04:00,124383.80
2019-03-21T16:00:00-04:00,125383.20
2019-03-28T16:00:00-04:00,124887.35
2019-04-02T16:00:00-04:00,124887.35
2019-04-03T16:00:00-04:00,125874.71
2019-04-04T16:00:00-04:00,125874.71
2019-04-08T16:00:00-04:00,126873.35
2019-04-09T16:00:00-04:00,126873.35
2019-04-09T16:00:00-04:00,126374.80
2019-04-15T16:00:00-04:00,125875.60
2019-04-24T16:00:00-04:00,125875.60
2019-04-25T16:00:00-04:00,126861.60
2019-04-29T16:00:00-04:00,126861.60
2019-05-02T16:00:00-04:00,126362.64
2019-05-02T16:00:00-04:00,125864.92
2019-05-06T16:00:00-04:00,125864.92
2019-05-08T16:00:00-04:00,125864.92
2019-05-09T16:00:00-04:00,125368.64
2019-05-13T16:00:00-04:00,126365.76
2019-05-13T16:00:00-04:00,127356.96
2019-05-14T16:00:00-04:00,127356.96
2019-05-14T16:00:00-04:00,126859.27
2019-05-16T16:00:00-04:00,126859.27
2019-05-23T16:00:00-04:00,126361.47
2019-05-24T16:00:00-04:00,126361.47
2019-05-28T16:00:00-04:00,127359.67
2019-06-04T16:00:00-04:00,127359.67
2019-06-04T16:00:00-04:00,126861.26
2019-06-04T16:00:00-04:00,126364.64
2019-06-07T16:00:00-04:00,126364.64
2019-06-10T16:00:00-04:00,127361.84
2019-06-18T16:00:00-04:00,128356.40
2019-06-19T16:00:00-04:00,128356.40
2019-06-26T16:00:00-04:00,128356.40
2019-07-01T16:00:00-04:00,129355.52
2019-07-01T16:00:00-04:00,128857.04
2019-07-12T16:00:00-04:00,128857.04
2019-07-16T16:00:00-04:00,128857.04
2019-07-17T16:00:00-04:00,129851.60
2019-07-17T16:00:00-04:00,130834.20
2019-07-18T16:00:00-04:00,130834.20
2019-07-19T16:00:00-04:00,130334.88
2019-07-25T16:00:00-04:00,130334.88
2019-07-25T16:00:00-04:00,129836.08
2019-07-31T16:00:00-04:00,129336.58
2019-08-01T16:00:00-04:00,128838.86
2019-08-01T16:00:00-04:00,128339.54
2019-08-02T16:00:00-04:00,127843.94
2019-08-06T16:00:00-04:00,127843.94
2019-08-06T16:00:00-04:00,127344.48
2019-08-07T16:00:00-04:00,126845.38
2019-08-09T16:00:00-04:00,126845.38
2019-08-12T16:00:00-04:00,126348.40
2019-08-16T16:00:00-04:00,126348.40
2019-08-16T16:00:00-04:00,125848.60
2019-08-20T16:00:00-04:00,125848.60
2019-08-21T16:00:00-04:00,125350.23
2019-08-21T16:00:00-04:00,124852.95
2019-08-23T16:00:00-04:00,124356.65
2019-09-05T16:00:00-04:00,124356.65
2019-09-05T16:00:00-04:00,123861.97
2019-09-06T16:00:00-04:00,123861.97
2019-09-09T16:00:00-04:00,123363.42
2019-09-20T16:00:00-04:00,122865.42
2019-10-09T16:00:00-04:00,122865.42
2019-10-11T16:00:00-04:00,122865.42
2019-10-14T16:00:00-04:00,123861.14
2019-10-15T16:00:00-04:00,124857.14
2019-10-22T16:00:00-04:00,124857.14
2019-10-24T16:00:00-04:00,124359.86
2019-10-28T16:00:00-04:00,124359.86
2019-10-31T16:00:00-04:00,123865.10
2019-11-01T16:00:00-04:00,124858.70
2019-11-04T16:00:00-05:00,125849.46
2019-11-05T16:00:00-05:00,125849.46
2019-11-06T16:00:00-05:00,125353.73
2019-11-13T16:00:00-05:00,125353.73
2019-11-14T16:00:00-05:00,124860.53
2019-11-18T16:00:00-05:00,124860.53
2019-11-19T16:00:00-05:00,125860.21
2019-11-26T16:00:00-05:00,125860.21
2019-11-27T16:00:00-05:00,126858.61
2019-11-29T16:00:00-05:00,126858.61
2019-12-03T16:00:00-05:00,126858.61
2019-12-06T16:00:00-05:00,126359.78
2019-12-09T16:00:00-05:00,126359.78
2019-12-11T16:00:00-05:00,125860.49
2019-12-12T16:00:00-05:00,125860.49
2019-12-12T16:00:00-05:00,126856.89
2019-12-13T16:00:00-05:00,126856.89
2019-12-16T16:00:00-05:00,127837.12
2019-12-18T16:00:00-05:00,128835.16
2019-12-20T16:00:00-05:00,128835.16
2019-12-31T16:00:00-05:00,128337.35
2020-01-03T16:00:00-05:00,129330.23
2020-01-09T16:00:00-05:00,129330.23
2020-01-10T16:00:00-05:00,129330.23
2020-01-14T16:00:00-05:00,129330.23
2020-01-14T16:00:00-05:00,128831.81
2020-01-16T16:00:00-05:00,128831.81
2020-01-17T16:00:00-05:00,128831.81
2020-01-22T16:00:00-05:00,129813.39
2020-01-23T16:00:00-05:00,129313.89
2020-02-04T16:00:00-05:00,129313.89
2020-02-13T16:00:00-05:00,129313.89
2020-02-14T16:00:00-05:00,130311.75
2020-02-24T16:00:00-05:00,130311.75
2020-02-26T16:00:00-05:00,130311.75
2020-02-27T16:00:00-05:00,131300.01
2020-02-27T16:00:00-05:00,130881.13
2020-02-28T16:00:00-05:00,131770.33
2020-03-03T16:00:00-05:00,131285.16
2020-03-09T16:00:00-04:00,132283.10
2020-03-13T16:00:00-04:00,132283.10
2020-03-13T16:00:00-04:00,131788.63
2020-03-13T16:00:00-04:00,131288.83
2020-03-19T16:00:00-04:00,131288.83
2020-03-19T16:00:00-04:00,130806.22
2020-03-27T16:00:00-04:00,130806.22
2020-03-30T16:00:00-04:00,131802.14
2020-04-14T16:00:00-04:00,131802.14
2020-04-22T16:00:00-04:00,131802.14
2020-04-22T16:00:00-04:00,131304.50
2020-04-27T16:00:00-04:00,130811.00
2020-05-11T16:00:00-04:00,130811.00
2020-05-11T16:00:00-04:00,131803.88
2020-05-19T16:00:00-04:00,131803.88
2020-05-19T16:00:00-04:00,131303.93
2020-06-02T16:00:00-04:00,131303.93
2020-06-03T16:00:00-04:00,131303.93
2020-06-05T16:00:00-04:00,132301.09
2020-06-08T16:00:00-04:00,133248.61
2020-06-09T16:00:00-04:00,133248.61
2020-06-10T16:00:00-04:00,134244.11
2020-06-10T16:00:00-04:00,135218.51
2020-06-11T16:00:00-04:00,135218.51
2020-06-15T16:00:00-04:00,135218.51
2020-06-15T16:00:00-04:00,134727.18
2020-06-23T16:00:00-04:00,134727.18
2020-06-24T16:00:00-04:00,134227.32
2020-07-02T16:00:00-04:00,134227.32
2020-07-07T16:00:00-04:00,134227.32
2020-07-09T16:00:00-04:00,135218.42
2020-07-10T16:00:00-04:00,136064.30
2020-07-13T16:00:00-04:00,135572.45
2020-07-13T16:00:00-04:00,136561.97
2020-07-21T16:00:00-04:00,136561.97
2020-07-23T16:00:00-04:00,136071.35
2020-07-23T16:00:00-04:00,135572.60
2020-07-24T16:00:00-04:00,135077.05
2020-08-04T16:00:00-04:00,135077.05
2020-08-05T16:00:00-04:00,135077.05
2020-08-12T16:00:00-04:00,135077.05
2020-08-12T16:00:00-04:00,134580.65
2020-08-13T16:00:00-04:00,135571.51
2020-08-18T16:00:00-04:00,136567.87
2020-08-19T16:00:00-04:00,136567.87
2020-08-20T16:00:00-04:00,136069.57
2020-08-27T16:00:00-04:00,136069.57
2020-08-31T16:00:00-04:00,135617.25
2020-09-02T16:00:00-04:00,136615.45
2020-09-03T16:00:00-04:00,136159.24
2020-09-03T16:00:00-04:00,135666.17
2020-09-03T16:00:00-04:00,135173.15
2020-09-03T16:00:00-04:00,134675.39
2020-09-16T16:00:00-04:00,134675.39
2020-09-17T16:00:00-04:00,134180.21
2020-09-21T16:00:00-04:00,134180.21
2020-09-30T16:00:00-04:00,133680.92
2020-09-30T16:00:00-04:00,134667.62
2020-10-12T16:00:00-04:00,134667.62
2020-10-15T16:00:00-04:00,134169.42
2020-10-19T16:00:00-04:00,134169.42
2020-10-20T16:00:00-04:00,135159.84
2020-10-22T16:00:00-04:00,134662.77
2020-10-23T16:00:00-04:00,134662.77
2020-10-26T16:00:00-04:00,134164.58
2020-11-05T16:00:00-05:00,134164.58
2020-11-10T16:00:00-05:00,133668.36
2020-11-10T16:00:00-05:00,133172.99
2020-11-17T16:00:00-05:00,133172.99
2020-11-19T16:00:00-05:00,133172.99
2020-11-25T16:00:00-05:00,133172.99
2020-11-27T16:00:00-05:00,134127.39
2020-11-27T16:00:00-05:00,135097.39
2020-12-07T16:00:00-05:00,135097.39
2020-12-07T16:00:00-05:00,136068.39
2020-12-10T16:00:00-05:00,136068.39
2020-12-15T16:00:00-05:00,135588.79
2020-12-17T16:00:00-05:00,135588.79
2020-12-21T16:00:00-05:00,135091.67
2020-12-28T16:00:00-05:00,135091.67
2020-12-29T16:00:00-05:00,135091.67
2020-12-29T16:00:00-05:00,134596.67
2020-12-31T16:00:00-05:00,134596.67
2021-01-04T16:00:00-05:00,135594.03
2021-01-04T16:00:00-05:00,136532.31
2021-01-08T16:00:00-05:00,136532.31
2021-01-15T16:00:00-05:00,136036.23
2021-01-19T16:00:00-05:00,136036.23
2021-01-20T16:00:00-05:00,135541.83
2021-01-21T16:00:00-05:00,135541.83
2021-01-22T16:00:00-05:00,135541.83
2021-01-25T16:00:00-05:00,135054.73
2021-01-25T16:00:00-05:00,134556.93
2021-01-29T16:00:00-05:00,134064.39
2021-02-01T16:00:00-05:00,134064.39
2021-02-02T16:00:00-05:00,133586.35
2021-02-03T16:00:00-05:00,133586.35
2021-02-05T16:00:00-05:00,133586.35
2021-02-11T16:00:00-05:00,133586.35
2021-02-12T16:00:00-05:00,133586.35
2021-02-17T16:00:00-05:00,133101.55
2021-02-22T16:00:00-05:00,132605.45
2021-02-22T16:00:00-05:00,133576.85
2021-02-23T16:00:00-05:00,133078.13
2021-03-04T16:00:00-05:00,133078.13
2021-03-04T16:00:00-05:00,132584.23
2021-03-16T16:00:00-04:00,132089.66
2021-03-25T16:00:00-04:00,132089.66
2021-03-26T16:00:00-04:00,131595.45
2021-03-31T16:00:00-04:00,131100.27
2021-04-05T16:00:00-04:00,131100.27
2021-04-09T16:00:00-04:00,132093.87
2021-04-12T16:00:00-04:00,133091.37
2021-04-14T16:00:00-04:00,133091.37
2021-04-15T16:00:00-04:00,134084.01
2021-04-19T16:00:00-04:00,133603.69
2021-04-27T16:00:00-04:00,133603.69
2021-04-28T16:00:00-04:00,133103.74
2021-04-30T16:00:00-04:00,133103.74
2021-04-30T16:00:00-04:00,132618.50
2021-05-04T16:00:00-04:00,132618.50
2021-05-05T16:00:00-04:00,132618.50
2021-05-13T16:00:00-04:00,132618.50
2021-05-14T16:00:00-04:00,132119.00
2021-05-14T16:00:00-04:00,131623.05
2021-05-24T16:00:00-04:00,131135.45
2021-05-24T16:00:00-04:00,130651.40
2021-05-25T16:00:00-04:00,130651.40
2021-05-28T16:00:00-04:00,130651.40
2021-06-02T16:00:00-04:00,130159.80
2021-06-03T16:00:00-04:00,131151.00
2021-06-04T16:00:00-04:00,132118.72
2021-06-08T16:00:00-04:00,132118.72
2021-06-14T16:00:00-04:00,131622.84
2021-06-21T16:00:00-04:00,131622.84
2021-06-21T16:00:00-04:00,131128.32
2021-06-22T16:00:00-04:00,132125.85
2021-06-23T16:00:00-04:00,132125.85
2021-06-28T16:00:00-04:00,132125.85
2021-06-30T16:00:00-04:00,132125.85
2021-07-01T16:00:00-04:00,133121.05
2021-07-08T16:00:00-04:00,133121.05
2021-07-12T16:00:00-04:00,132635.76
2021-07-13T16:00:00-04:00,132635.76
2021-07-14T16:00:00-04:00,132152.58
2021-07-15T16:00:00-04:00,132152.58
2021-07-16T16:00:00-04:00,133122.18
2021-07-19T16:00:00-04:00,133122.18
2021-07-22T16:00:00-04:00,132628.94
2021-08-02T16:00:00-04:00,132628.94
2021-08-05T16:00:00-04:00,133621.74
2021-08-06T16:00:00-04:00,133621.74
2021-08-11T16:00:00-04:00,133621.74
2021-08-13T16:00:00-04:00,133621.74
2021-08-17T16:00:00-04:00,133125.74
2021-08-17T16:00:00-04:00,134124.20
2021-08-19T16:00:00-04:00,134124.20
2021-08-19T16:00:00-04:00,133625.48
2021-08-20T16:00:00-04:00,133126.28
2021-08-23T16:00:00-04:00,132633.33
2021-08-24T16:00:00-04:00,132633.33
2021-08-31T16:00:00-04:00,132633.33
2021-09-08T16:00:00-04:00,132633.33
2021-09-14T16:00:00-04:00,132134.59
2021-09-16T16:00:00-04:00,132134.59
2021-09-20T16:00:00-04:00,131642.61
2021-09-20T16:00:00-04:00,131142.66
2021-09-20T16:00:00-04:00,130644.80
2021-09-23T16:00:00-04:00,130644.80
2021-09-24T16:00:00-04:00,130644.80
2021-09-24T16:00:00-04:00,130146.20
2021-09-27T16:00:00-04:00,131130.76
2021-09-29T16:00:00-04:00,131130.76
2021-10-04T16:00:00-04:00,132128.12
2021-10-07T16:00:00-04:00,132128.12
2021-10-13T16:00:00-04:00,132128.12
2021-10-15T16:00:00-04:00,132128.12
2021-10-18T16:00:00-04:00,131634.99
2021-10-21T16:00:00-04:00,131634.99
2021-10-22T16:00:00-04:00,132626.75
2021-10-25T16:00:00-04:00,133620.23
2021-10-26T16:00:00-04:00,133620.23
2021-10-27T16:00:00-04:00,133620.23
2021-10-29T16:00:00-04:00,134610.23
2021-11-01T16:00:00-04:00,135576.11
2021-11-03T16:00:00-04:00,135576.11
2021-11-04T16:00:00-04:00,136567.91
2021-11-05T16:00:00-04:00,137563.31
2021-11-09T16:00:00-05:00,137132.54
2021-11-10T16:00:00-05:00,137132.54
2021-11-17T16:00:00-05:00,137132.54
2021-11-19T16:00:00-05:00,137132.54
2021-11-22T16:00:00-05:00,136640.27
2021-11-22T16:00:00-05:00,136140.55
2021-11-23T16:00:00-05:00,135644.21
2021-12-02T16:00:00-05:00,135644.21
2021-12-06T16:00:00-05:00,135644.21
2021-12-09T16:00:00-05:00,135644.21
2021-12-09T16:00:00-05:00,135146.69
2021-12-13T16:00:00-05:00,135146.69
2021-12-13T16:00:00-05:00,136139.33
2021-12-23T16:00:00-05:00,136139.33
2021-12-27T16:00:00-05:00,135694.01
2022-01-04T16:00:00-05:00,135197.73
2022-01-05T16:00:00-05:00,134699.17
2022-01-06T16:00:00-05:00,134699.17
2022-01-07T16:00:00-05:00,135695.31
2022-01-10T16:00:00-05:00,135195.54
2022-01-10T16:00:00-05:00,134738.88
2022-01-11T16:00:00-05:00,134246.58
2022-01-13T16:00:00-05:00,134246.58
2022-01-13T16:00:00-05:00,133772.41
2022-01-20T16:00:00-05:00,134766.97
2022-01-21T16:00:00-05:00,135766.57
2022-01-21T16:00:00-05:00,136763.11
2022-01-24T16:00:00-05:00,137754.47
2022-02-14T16:00:00-05:00,137754.47
2022-02-15T16:00:00-05:00,137264.96
2022-02-22T16:00:00-05:00,137264.96
2022-02-24T16:00:00-05:00,138253.38
2022-02-24T16:00:00-05:00,139202.70
2022-02-24T16:00:00-05:00,140201.10
2022-02-24T16:00:00-05:00,141182.64
2022-02-24T16:00:00-05:00,142160.40
2022-03-01T16:00:00-05:00,142160.40
2022-03-01T16:00:00-05:00,141664.00
2022-03-01T16:00:00-05:00,141167.84
2022-03-07T16:00:00-05:00,140673.09
2022-03-08T16:00:00-05:00,140673.09
2022-03-09T16:00:00-05:00,140173.13
2022-03-14T16:00:00-04:00,140173.13
2022-03-16T16:00:00-04:00,139682.51
2022-03-16T16:00:00-04:00,139187.91
2022-03-17T16:00:00-04:00,138745.57
2022-03-18T16:00:00-04:00,138257.82
2022-03-18T16:00:00-04:00,139234.64
2022-03-18T16:00:00-04:00,140220.56
2022-03-24T16:00:00-04:00,141217.46
2022-03-25T16:00:00-04:00,142201.94
2022-03-29T16:00:00-04:00,142201.94
2022-04-01T16:00:00-04:00,141703.94
2022-04-04T16:00:00-04:00,141205.78
2022-04-06T16:00:00-04:00,142201.00
2022-04-07T16:00:00-04:00,142201.00
2022-04-11T16:00:00-04:00,143192.90
2022-04-11T16:00:00-04:00,144189.34
2022-04-25T16:00:00-04:00,144189.34
2022-04-27T16:00:00-04:00,144189.34
2022-05-05T16:00:00-04:00,144189.34
2022-05-05T16:00:00-04:00,143690.70
2022-05-10T16:00:00-04:00,143690.70
2022-05-11T16:00:00-04:00,144638.22
2022-05-11T16:00:00-04:00,145614.06
2022-05-11T16:00:00-04:00,146610.89
2022-05-12T16:00:00-04:00,147607.05
2022-05-12T16:00:00-04:00,148418.41
2022-05-23T16:00:00-04:00,148418.41
2022-05-27T16:00:00-04:00,147952.48
2022-06-10T16:00:00-04:00,147456.88
2022-06-10T16:00:00-04:00,146964.96
2022-06-13T16:00:00-04:00,146477.83
2022-06-13T16:00:00-04:00,145980.11
2022-06-14T16:00:00-04:00,145980.11
2022-06-15T16:00:00-04:00,145504.35
2022-06-24T16:00:00-04:00,145005.39
2022-06-27T16:00:00-04:00,145005.39
2022-06-28T16:00:00-04:00,144512.39
2022-06-28T16:00:00-04:00,144018.45
2022-06-30T16:00:00-04:00,144018.45
2022-07-01T16:00:00-04:00,145009.89
2022-07-08T16:00:00-04:00,145009.89
2022-07-11T16:00:00-04:00,144510.09
2022-07-11T16:00:00-04:00,144017.70
2022-07-13T16:00:00-04:00,144017.70
2022-07-18T16:00:00-04:00,143527.14
2022-07-20T16:00:00-04:00,143035.01
2022-07-20T16:00:00-04:00,142541.24
2022-07-21T16:00:00-04:00,142541.24
2022-07-22T16:00:00-04:00,142541.24
2022-07-26T16:00:00-04:00,142045.78
2022-07-27T16:00:00-04:00,142045.78
2022-07-27T16:00:00-04:00,141552.28
2022-07-29T16:00:00-04:00,141552.28
2022-08-01T16:00:00-04:00,142544.28
2022-08-04T16:00:00-04:00,143543.88
2022-08-11T16:00:00-04:00,144528.84
2022-08-12T16:00:00-04:00,145528.42
2022-08-16T16:00:00-04:00,145528.42
2022-08-16T16:00:00-04:00,145028.82
2022-08-16T16:00:00-04:00,144529.68
2022-08-17T16:00:00-04:00,144031.38
2022-08-23T16:00:00-04:00,144031.38
2022-08-25T16:00:00-04:00,143565.71
2022-08-25T16:00:00-04:00,143070.24
2022-08-25T16:00:00-04:00,142621.82
2022-08-25T16:00:00-04:00,142122.86
2022-08-29T16:00:00-04:00,142122.86
2022-08-31T16:00:00-04:00,142122.86
2022-09-01T16:00:00-04:00,143118.46
2022-09-01T16:00:00-04:00,144115.82
2022-09-09T16:00:00-04:00,144115.82
2022-09-12T16:00:00-04:00,143617.40
2022-09-13T16:00:00-04:00,143117.44
2022-09-13T16:00:00-04:00,142622.98
2022-09-13T16:00:00-04:00,142124.84
2022-09-23T16:00:00-04:00,141636.52
2022-09-26T16:00:00-04:00,141636.52
2022-09-27T16:00:00-04:00,141142.40
2022-10-03T16:00:00-04:00,141142.40
2022-10-03T16:00:00-04:00,140644.90
2022-10-04T16:00:00-04:00,140149.18
2022-10-04T16:00:00-04:00,139652.70
2022-10-05T16:00:00-04:00,139652.70
2022-10-07T16:00:00-04:00,139154.70
2022-10-11T16:00:00-04:00,139154.70
2022-10-12T16:00:00-04:00,139154.70
2022-10-13T16:00:00-04:00,138654.70
2022-10-13T16:00:00-04:00,138158.77
2022-10-14T16:00:00-04:00,137669.03
2022-10-18T16:00:00-04:00,137173.33
2022-10-26T16:00:00-04:00,137173.33
2022-10-26T16:00:00-04:00,138169.63
2022-10-26T16:00:00-04:00,139166.39
2022-10-27T16:00:00-04:00,139166.39
2022-10-28T16:00:00-04:00,138668.88
2022-10-28T16:00:00-04:00,138172.78
2022-11-08T16:00:00-05:00,138172.78
2022-11-09T16:00:00-05:00,137676.16
2022-11-14T16:00:00-05:00,137676.16
2022-11-17T16:00:00-05:00,137176.47
2022-11-18T16:00:00-05:00,136683.35
2022-11-21T16:00:00-05:00,136683.35
2022-11-22T16:00:00-05:00,136187.45
2022-11-25T16:00:00-05:00,135692.43
2022-11-28T16:00:00-05:00,135192.93
2022-11-30T16:00:00-05:00,135192.93
2022-11-30T16:00:00-05:00,134694.73
2022-11-30T16:00:00-05:00,134195.24
2022-12-06T16:00:00-05:00,134195.24
2022-12-07T16:00:00-05:00,135194.84
2022-12-13T16:00:00-05:00,134698.94
2022-12-14T16:00:00-05:00,134698.94
2022-12-16T16:00:00-05:00,134698.94
2022-12-19T16:00:00-05:00,134698.94
2022-12-21T16:00:00-05:00,134698.94
2022-12-22T16:00:00-05:00,135693.22
2022-12-22T16:00:00-05:00,136672.82
2022-12-22T16:00:00-05:00,137667.08
2022-12-23T16:00:00-05:00,138653.66
2022-12-29T16:00:00-05:00,138653.66
2022-12-29T16:00:00-05:00,138154.17
2023-01-11T16:00:00-05:00,137660.74
2023-01-17T16:00:00-05:00,137660.74
2023-01-18T16:00:00-05:00,137162.16
2023-01-19T16:00:00-05:00,136662.96
2023-01-19T16:00:00-05:00,136165.08
2023-01-24T16:00:00-05:00,136165.08
2023-01-25T16:00:00-05:00,135665.86
2023-01-26T16:00:00-05:00,136661.08
2023-01-30T16:00:00-05:00,136661.08
2023-01-30T16:00:00-05:00,136165.13
2023-02-01T16:00:00-05:00,137154.44
2023-02-02T16:00:00-05:00,137154.44
2023-02-03T16:00:00-05:00,137154.44
2023-02-03T16:00:00-05:00,138150.44
2023-02-09T16:00:00-05:00,139129.48
2023-02-15T16:00:00-05:00,139129.48
2023-02-17T16:00:00-05:00,138630.73
2023-02-21T16:00:00-05:00,138142.84
2023-02-22T16:00:00-05:00,138142.84
2023-02-24T16:00:00-05:00,137654.20
2023-03-02T16:00:00-05:00,137654.20
2023-03-02T16:00:00-05:00,137155.26
2023-03-03T16:00:00-05:00,136658.78
2023-03-03T16:00:00-05:00,136161.47
2023-03-08T16:00:00-05:00,136161.47
2023-03-13T16:00:00-04:00,137150.75
2023-04-03T16:00:00-04:00,137150.75
2023-04-05T16:00:00-04:00,136653.06
2023-04-05T16:00:00-04:00,136156.14
2023-04-06T16:00:00-04:00,136156.14
2023-04-11T16:00:00-04:00,136156.14
2023-04-12T16:00:00-04:00,135662.14
2023-04-12T16:00:00-04:00,135166.53
2023-04-27T16:00:00-04:00,135166.53
2023-05-01T16:00:00-04:00,135166.53
2023-05-02T16:00:00-04:00,134668.86
2023-05-03T16:00:00-04:00,134173.86
2023-05-09T16:00:00-04:00,134173.86
2023-05-11T16:00:00-04:00,133674.27
2023-05-18T16:00:00-04:00,133674.27
2023-05-19T16:00:00-04:00,133674.27
2023-05-23T16:00:00-04:00,133179.27
2023-05-25T16:00:00-04:00,134178.87
2023-05-25T16:00:00-04:00,135173.43
2023-05-30T16:00:00-04:00,135173.43
2023-06-05T16:00:00-04:00,135173.43
2023-06-08T16:00:00-04:00,136171.38
2023-06-08T16:00:00-04:00,137167.86
2023-06-13T16:00:00-04:00,138157.74
2023-06-15T16:00:00-04:00,138157.74
2023-06-21T16:00:00-04:00,138157.74
2023-06-21T16:00:00-04:00,137667.39
2023-06-22T16:00:00-04:00,137667.39
2023-06-26T16:00:00-04:00,137175.39
2023-06-27T16:00:00-04:00,137175.39
2023-06-30T16:00:00-04:00,137175.39
2023-07-03T16:00:00-04:00,136684.14
2023-07-12T16:00:00-04:00,137683.24
2023-07-13T16:00:00-04:00,138671.34
2023-07-13T16:00:00-04:00,139658.32
2023-07-14T16:00:00-04:00,139658.32
2023-07-18T16:00:00-04:00,139658.32
2023-07-19T16:00:00-04:00,140656.57
2023-07-20T16:00:00-04:00,140163.07
2023-07-20T16:00:00-04:00,139665.21
2023-07-21T16:00:00-04:00,139184.32
2023-07-24T16:00:00-04:00,139184.32
2023-07-24T16:00:00-04:00,138686.18
2023-07-25T16:00:00-04:00,138186.78
2023-07-25T16:00:00-04:00,137688.48
2023-07-26T16:00:00-04:00,137688.48
2023-08-03T16:00:00-04:00,137688.48
2023-08-10T16:00:00-04:00,137688.48
2023-08-15T16:00:00-04:00,137193.52
2023-08-16T16:00:00-04:00,137193.52
2023-08-17T16:00:00-04:00,138190.88
2023-08-18T16:00:00-04:00,139186.40
2023-08-21T16:00:00-04:00,138696.80
2023-08-21T16:00:00-04:00,138199.04
2023-08-21T16:00:00-04:00,137699.60
2023-08-22T16:00:00-04:00,137200.40
2023-08-30T16:00:00-04:00,137200.40
2023-09-07T16:00:00-04:00,137200.40
2023-09-19T16:00:00-04:00,136706.90
2023-09-20T16:00:00-04:00,136213.90
2023-09-22T16:00:00-04:00,136213.90
2023-09-22T16:00:00-04:00,135717.58
2023-09-25T16:00:00-04:00,135717.58
2023-09-27T16:00:00-04:00,135224.68
2023-10-03T16:00:00-04:00,135224.68
2023-10-03T16:00:00-04:00,134732.24
2023-10-04T16:00:00-04:00,134242.34
2023-10-06T16:00:00-04:00,133743.85
2023-10-09T16:00:00-04:00,133743.85
2023-10-10T16:00:00-04:00,133245.92
2023-10-11T16:00:00-04:00,134241.44
2023-10-12T16:00:00-04:00,134241.44
2023-10-13T16:00:00-04:00,133747.08
2023-10-16T16:00:00-04:00,133747.08
2023-10-19T16:00:00-04:00,134740.28
2023-10-20T16:00:00-04:00,134740.28
2023-10-26T16:00:00-04:00,135738.92
2023-10-26T16:00:00-04:00,136736.04
2023-10-27T16:00:00-04:00,136736.04
2023-10-30T16:00:00-04:00,136237.36
2023-10-30T16:00:00-04:00,137236.96
2023-11-01T16:00:00-04:00,136741.70
2023-11-02T16:00:00-04:00,137739.70
2023-11-03T16:00:00-04:00,137739.70
2023-11-06T16:00:00-05:00,137739.70
2023-11-09T16:00:00-05:00,137245.00
2023-11-10T16:00:00-05:00,138244.36
2023-11-14T16:00:00-05:00,139236.36
2023-11-14T16:00:00-05:00,138746.76
2023-11-21T16:00:00-05:00,138746.76
2023-11-30T16:00:00-05:00,138249.48
2023-12-05T16:00:00-05:00,138249.48
2023-12-05T16:00:00-05:00,137754.57
2023-12-11T16:00:00-05:00,137754.57
2023-12-12T16:00:00-05:00,138752.13
2023-12-14T16:00:00-05:00,138752.13
2023-12-14T16:00:00-05:00,138259.47
2023-12-19T16:00:00-05:00,138259.47
2023-12-19T16:00:00-05:00,137760.79
2023-12-20T16:00:00-05:00,137260.99
2023-12-27T16:00:00-05:00,137260.99
2024-01-03T16:00:00-05:00,137260.99
2024-01-04T16:00:00-05:00,137260.99
2024-01-08T16:00:00-05:00,137260.99
2024-01-08T16:00:00-05:00,138249.91
2024-01-09T16:00:00-05:00,137750.95
2024-01-10T16:00:00-05:00,137750.95
2024-01-11T16:00:00-05:00,138741.17
2024-01-12T16:00:00-05:00,138741.17
2024-01-19T16:00:00-05:00,139735.25
2024-01-22T16:00:00-05:00,139735.25
2024-01-25T16:00:00-05:00,140733.45
2024-01-26T16:00:00-05:00,140733.45
2024-01-30T16:00:00-05:00,140238.45
2024-02-02T16:00:00-05:00,141198.61
2024-02-05T16:00:00-05:00,141198.61
2024-02-09T16:00:00-05:00,142185.05
2024-02-12T16:00:00-05:00,142185.05
2024-02-13T16:00:00-05:00,141687.25
2024-02-16T16:00:00-05:00,141687.25
2024-02-22T16:00:00-05:00,142684.95
2024-03-01T16:00:00-05:00,143668.87
2024-03-04T16:00:00-05:00,143180.47
2024-03-05T16:00:00-05:00,142684.25
2024-03-07T16:00:00-05:00,142684.25
2024-03-08T16:00:00-05:00,143623.25
2024-03-08T16:00:00-05:00,143124.65
2024-03-08T16:00:00-05:00,142626.42
2024-03-08T16:00:00-05:00,142126.47
2024-03-14T16:00:00-04:00,142126.47
2024-03-20T16:00:00-04:00,141629.67
2024-03-25T16:00:00-04:00,141629.67
2024-03-27T16:00:00-04:00,141132.55
2024-03-28T16:00:00-04:00,141132.55
2024-04-09T16:00:00-04:00,142104.55
2024-04-10T16:00:00-04:00,142104.55
2024-04-10T16:00:00-04:00,141605.03
2024-04-16T16:00:00-04:00,141605.03
2024-04-19T16:00:00-04:00,141605.03
2024-04-22T16:00:00-04:00,141605.03
2024-04-24T16:00:00-04:00,141105.37
2024-04-24T16:00:00-04:00,140607.13
2024-04-25T16:00:00-04:00,140108.21
2024-04-26T16:00:00-04:00,140108.21
2024-04-29T16:00:00-04:00,141094.27
2024-05-06T16:00:00-04:00,140596.99
2024-05-07T16:00:00-04:00,140596.99
2024-05-10T16:00:00-04:00,140101.99
2024-05-15T16:00:00-04:00,141088.99
2024-05-15T16:00:00-04:00,142083.83
2024-05-15T16:00:00-04:00,141588.28
2024-05-16T16:00:00-04:00,141588.28
2024-05-22T16:00:00-04:00,141588.28
2024-05-23T16:00:00-04:00,142581.58
2024-05-28T16:00:00-04:00,142581.58
2024-05-31T16:00:00-04:00,142086.20
2024-05-31T16:00:00-04:00,143082.08
2024-06-06T16:00:00-04:00,143951.36
2024-06-10T16:00:00-04:00,143490.76
2024-06-12T16:00:00-04:00,143490.76
2024-06-12T16:00:00-04:00,142993.45
2024-06-13T16:00:00-04:00,142993.45
2024-06-17T16:00:00-04:00,142993.45
2024-06-21T16:00:00-04:00,142493.76
2024-06-25T16:00:00-04:00,142493.76
2024-06-25T16:00:00-04:00,141994.98
2024-06-26T16:00:00-04:00,141497.04
2024-06-28T16:00:00-04:00,141497.04
2024-07-02T16:00:00-04:00,141497.04
2024-07-03T16:00:00-04:00,142487.26
2024-07-05T16:00:00-04:00,142487.26
2024-07-08T16:00:00-04:00,143461.42
2024-07-10T16:00:00-04:00,144459.34
2024-07-17T16:00:00-04:00,144459.34
2024-07-19T16:00:00-04:00,144459.34
2024-07-24T16:00:00-04:00,145456.46
2024-07-25T16:00:00-04:00,146450.46
2024-07-26T16:00:00-04:00,146450.46
2024-07-30T16:00:00-04:00,147450.16
2024-07-31T16:00:00-04:00,146952.90
2024-08-05T16:00:00-04:00,146952.90
2024-08-14T16:00:00-04:00,146952.90
2024-08-16T16:00:00-04:00,146458.34
2024-08-19T16:00:00-04:00,147456.98
2024-08-19T16:00:00-04:00,148443.56
2024-08-22T16:00:00-04:00,147948.23
2024-08-28T16:00:00-04:00,147948.23
2024-08-30T16:00:00-04:00,147948.23
2024-09-03T16:00:00-04:00,147449.27
2024-09-03T16:00:00-04:00,148448.87
2024-09-03T16:00:00-04:00,147955.42
2024-09-06T16:00:00-04:00,147955.42
2024-09-06T16:00:00-04:00,147458.62
2024-09-09T16:00:00-04:00,147458.62
2024-09-11T16:00:00-04:00,146965.17
2024-09-12T16:00:00-04:00,146965.17
2024-09-16T16:00:00-04:00,146965.17
2024-09-26T16:00:00-04:00,146965.17
2024-09-27T16:00:00-04:00,146466.93
2024-10-08T16:00:00-04:00,146466.93
2024-10-10T16:00:00-04:00,146466.93
2024-10-11T16:00:00-04:00,147465.45
2024-10-15T16:00:00-04:00,147465.45
2024-10-15T16:00:00-04:00,146967.51
2024-10-17T16:00:00-04:00,147965.79
2024-10-24T16:00:00-04:00,147965.79
2024-10-28T16:00:00-04:00,147965.79
2024-10-31T16:00:00-04:00,147466.67
2024-11-01T16:00:00-04:00,147466.67
2024-11-04T16:00:00-05:00,146969.06
2024-11-05T16:00:00-05:00,146478.18
2024-11-06T16:00:00-05:00,146478.18
2024-11-07T16:00:00-05:00,146478.18
2024-11-08T16:00:00-05:00,146478.18
2024-11-08T16:00:00-05:00,147458.82
2024-11-15T16:00:00-05:00,146966.02
2024-11-18T16:00:00-05:00,146470.58
2024-11-19T16:00:00-05:00,145971.38
2024-11-25T16:00:00-05:00,145971.38
2024-11-29T16:00:00-05:00,145971.38
2024-11-29T16:00:00-05:00,145473.19
2024-12-03T16:00:00-05:00,145473.19
2024-12-05T16:00:00-05:00,145473.19
2024-12-06T16:00:00-05:00,145473.19
2024-12-09T16:00:00-05:00,144976.73
2024-12-11T16:00:00-05:00,145944.41
2024-12-16T16:00:00-05:00,145944.41
2024-12-17T16:00:00-05:00,145944.41
2024-12-18T16:00:00-05:00,145467.41
2024-12-18T16:00:00-05:00,144970.79
2024-12-20T16:00:00-05:00,144970.79
2024-12-20T16:00:00-05:00,144472.71
2025-01-02T16:00:00-05:00,144472.71
2025-01-02T16:00:00-05:00,145467.27
2025-01-06T16:00:00-05:00,145467.27
2025-01-08T16:00:00-05:00,144971.11
2025-01-16T16:00:00-05:00,144971.11
2025-01-22T16:00:00-05:00,145967.11
2025-01-23T16:00:00-05:00,145967.11
2025-01-24T16:00:00-05:00,145467.55
2025-01-27T16:00:00-05:00,144974.55
2025-01-31T16:00:00-05:00,144492.95
2025-02-06T16:00:00-05:00,144492.95
2025-02-12T16:00:00-05:00,143996.48
2025-02-13T16:00:00-05:00,143510.73
2025-02-18T16:00:00-05:00,144509.73
2025-02-21T16:00:00-05:00,144013.51
2025-02-24T16:00:00-05:00,143514.75
2025-02-25T16:00:00-05:00,144491.47
2025-02-26T16:00:00-05:00,144491.47
2025-02-27T16:00:00-05:00,145480.35
2025-02-27T16:00:00-05:00,146473.95
2025-03-11T16:00:00-04:00,146473.95
2025-03-18T16:00:00-04:00,146473.95
2025-03-24T16:00:00-04:00,145996.84
2025-03-25T16:00:00-04:00,145996.84
2025-03-26T16:00:00-04:00,145996.84
2025-03-27T16:00:00-04:00,145996.84
2025-03-31T16:00:00-04:00,145505.98
2025-04-02T16:00:00-04:00,145012.84
2025-04-04T16:00:00-04:00,145980.04
2025-04-04T16:00:00-04:00,146968.72
2025-04-07T16:00:00-04:00,146968.72
2025-04-07T16:00:00-04:00,146474.59
2025-04-07T16:00:00-04:00,145998.94
2025-04-09T16:00:00-04:00,145522.10
2025-04-22T16:00:00-04:00,145522.10
2025-04-22T16:00:00-04:00,145022.48
2025-04-25T16:00:00-04:00,145022.48
2025-04-25T16:00:00-04:00,146021.68
2025-05-01T16:00:00-04:00,147016.52
2025-05-02T16:00:00-04:00,147996.84
2025-05-08T16:00:00-04:00,148982.44
2025-05-12T16:00:00-04:00,148982.44
2025-05-14T16:00:00-04:00,148982.44
2025-05-23T16:00:00-04:00,148489.79
2025-06-04T16:00:00-04:00,148489.79
2025-06-05T16:00:00-04:00,147995.03
2025-06-05T16:00:00-04:00,147515.18
2025-06-06T16:00:00-04:00,147515.18
2025-06-10T16:00:00-04:00,147026.50
2025-06-11T16:00:00-04:00,147026.50
2025-06-13T16:00:00-04:00,146526.70
2025-06-23T16:00:00-04:00,146526.70
2025-06-23T16:00:00-04:00,146027.24
2025-06-24T16:00:00-04:00,146027.24
2025-06-25T16:00:00-04:00,147021.89
2025-06-25T16:00:00-04:00,146534.16
2025-06-26T16:00:00-04:00,146534.16
2025-06-27T16:00:00-04:00,146534.16
2025-07-07T16:00:00-04:00,146534.16
2025-07-10T16:00:00-04:00,146534.16
2025-07-14T16:00:00-04:00,146534.16
2025-07-15T16:00:00-04:00,147527.98
2025-07-15T16:00:00-04:00,148526.54
2025-07-15T16:00:00-04:00,149525.30
2025-07-23T16:00:00-04:00,149525.30
2025-07-24T16:00:00-04:00,149026.82
2025-07-24T16:00:00-04:00,148531.54
2025-07-28T16:00:00-04:00,148531.54
2025-07-29T16:00:00-04:00,148531.54
2025-07-30T16:00:00-04:00,148038.54
2025-07-31T16:00:00-04:00,147538.86
2025-08-01T16:00:00-04:00,147538.86
2025-08-07T16:00:00-04:00,147053.58
2025-08-11T16:00:00-04:00,147053.58
2025-08-18T16:00:00-04:00,147053.58
2025-08-19T16:00:00-04:00,146554.18
2025-08-20T16:00:00-04:00,146063.48
2025-08-26T16:00:00-04:00,146063.48
2025-08-29T16:00:00-04:00,145568.48
2025-09-02T16:00:00-04:00,145568.48
2025-09-05T16:00:00-04:00,145076.00
2025-09-05T16:00:00-04:00,144581.86
2025-09-12T16:00:00-04:00,144581.86
2025-09-15T16:00:00-04:00,145562.14
2025-09-18T16:00:00-04:00,146560.34
2025-09-22T16:00:00-04:00,146560.34
2025-09-25T16:00:00-04:00,146560.34
2025-09-29T16:00:00-04:00,146067.54
2025-10-01T16:00:00-04:00,147053.53
2025-10-09T16:00:00-04:00,148046.17
2025-10-28T16:00:00-04:00,148046.17
2025-10-28T16:00:00-04:00,149043.66
2025-11-04T16:00:00-05:00,148549.92
2025-11-06T16:00:00-05:00,148549.92
2025-11-07T16:00:00-05:00,149537.92
2025-11-12T16:00:00-05:00,149537.92
2025-11-13T16:00:00-05:00,149041.00
2025-11-14T16:00:00-05:00,150039.35
2025-11-26T16:00:00-05:00,150039.35
2025-12-04T16:00:00-05:00,150039.35
2025-12-05T16:00:00-05:00,150039.35
2025-12-08T16:00:00-05:00,149542.75
2025-12-15T16:00:00-05:00,149542.75
2025-12-16T16:00:00-05:00,149542.75
2025-12-16T16:00:00-05:00,149046.80
2025-12-18T16:00:00-05:00,149046.80
2025-12-22T16:00:00-05:00,149046.80
2025-12-24T16:00:00-05:00,149046.80
2025-12-29T16:00:00-05:00,149046.80
2026-01-06T16:00:00-05:00,150011.12
2026-01-07T16:00:00-05:00,150011.12
2026-01-21T16:00:00-05:00,150011.12
2026-01-23T16:00:00-05:00,150011.12
2026-01-26T16:00:00-05:00,150011.12
2026-01-27T16:00:00-05:00,149522.85
2026-01-28T16:00:00-05:00,149522.85
2026-01-28T16:00:00-05:00,149023.56
2026-02-03T16:00:00-05:00,148530.86
2026-02-04T16:00:00-05:00,148530.86
2026-02-05T16:00:00-05:00,148044.78
2026-02-06T16:00:00-05:00,147547.65
2026-02-10T16:00:00-05:00,147547.65
2026-02-12T16:00:00-05:00,147056.37
2026-02-13T16:00:00-05:00,146558.56
2026-02-17T16:00:00-05:00,146062.22
2026-02-26T16:00:00-05:00,146062.22
2026-02-26T16:00:00-05:00,145566.50
2026-03-02T16:00:00-05:00,145566.50
2026-03-02T16:00:00-05:00,145073.80
2026-03-09T16:00:00-04:00,144574.10
2026-03-13T16:00:00-04:00,144574.10
2026-03-16T16:00:00-04:00,144574.10
2026-03-17T16:00:00-04:00,144075.77
2026-03-23T16:00:00-04:00,144075.77
2026-03-23T16:00:00-04:00,143576.29
2026-03-23T16:00:00-04:00,143079.89
2026-03-30T16:00:00-04:00,143079.89
2026-03-30T16:00:00-04:00,144078.53
2026-03-30T16:00:00-04:00,145075.89
2026-03-30T16:00:00-04:00,146075.89
2026-04-07T16:00:00-04:00,146075.89
2026-04-10T16:00:00-04:00,146075.89
2026-04-15T16:00:00-04:00,147072.49
2026-04-15T16:00:00-04:00,146583.05
2026-04-15T16:00:00-04:00,147569.77
2026-04-15T16:00:00-04:00,148558.69
2026-04-16T16:00:00-04:00,148558.69
2026-04-17T16:00:00-04:00,149555.79
2026-04-21T16:00:00-04:00,149786.19
